file,sha256,bytes
.gitignore,3e2d5e2be4b758fcafa5ee075ca1356cae6489be5fec8117ab6c6a099005eb13,76
01_CANONICAL_MODEL_v1_0.md,05ce6bbb18175d58c76e80133f3188a47b23ef69938ae67a2c33852c6de0c80e,5275
02_FORMAL_PROOF_v1_0.md,709a0b63e6ce8bed32c788f04f0cdcb7a11fde3639888e74a84512391d14ed9e,2689
03_CLAUDE_FINAL_AUDIT_PROMPT_v1_0.txt,69d865db7849aadf65a13c0cc93c6a39e801e47c80b75e27045bbb9b084e94e3,1866
04_solver_v1_0.py,e84af308d81d1fe25f342fa99264b00a35efd3f949421265c3b0d0abb9e6e120,23981
05_solver_results_v1_0.json,42b61b3120bd25ccc923c226753ee875dc398278af6fa8c06ee9d4bd2ea33845,19393
06_reimplementation_consistency_check_v1_0.py,84b129bb23d79878150dcdaa47438eec835dd889bdf2c5efadcda28b3f628051,13744
07_reimplementation_consistency_results_v1_0.json,f9a208bf4881771de3bb0cedc164254da417b1eb2e8e559b009bcf2d2e25b53d,16478
08_16Depletion_Quantification_v1_0.xlsx,dc960a43f8037f453317ff3279ff9dd77dac4f19cbf9a332c280c5c69c844046,35235
09_Claude_v0_9_Revalidation_Audit_ORIGINAL.docx,b79b9553d47cc73d1b2ce3fbd70981f046e1a476b47c612e977dd88bbe6e3f0b,19785
10_Claude_v0_9_Revalidation_Checks_ORIGINAL.py,2317f6d60c969b82448226500f2a0019b328b071222b7539028b70a32bc0e2e7,18481
11_Priority_Gaps_Frozen_Export_G01_G16_v1_0_20261009.csv,76a2a00c078ee10168e1f6aece6c26b7507cede0019045528f1fd8695d29209d,7827
12_AUDIT_CLOSURE_v1_0.csv,3ef6fcb322eb78ec1a47d929b794e400ee86b831a8e3dd10fb9164a4c2f9b0fc,539
13_REFERENCE_AUDIT_v1_0.csv,e04ffe52ded2338056ac9fd20791c48c9655bb461e02ada8b9b5e4e13cd311ff,1213
14_SHA256_MANIFEST.csv,2b3f34944b562fefe3a3af206a001ab8fe07d6f5ba2855cd0b74d24d86086b04,1508
GIT_PUSH_GUIDE.md,cc615938eec0ce869ef0b3a15ed88f25e3148080f94d3c37e00fb8f73739f1ba,453
README.md,ce91a3dfeee82770b55aca3d3a4170d50d42d80ac758c45d22cac7165ee1b724,858
README_FIRST.md,a9110ad70e29fe40e398f021fd4ba0fc5617b4fad86655c7aa983bd9fc8d160b,676
RUN_ALL.bat,b0a1013e4cd5034a6d0da28fedd49162ff551746261c3914926df7d0c4d553dc,136
RUN_ALL.ps1,e86785e19f0e5ab0ff30d907a3dc5cc5e26b7a3a3e4c7ab9eb41be2496d46ad7,257
requirements.txt,17f7c7f8253b2a60e30b7bdb7778b683a4d10da20ccdac332687f64f3955b8e6,74
run_all.py,0af21200629f9e35374dc7f7851a5731b3d94e2ccb36a5a8b3d7679b5359a446,2359
