parameter,unit_id,role,value,unit,provenance_type,source_id,period,uncertainty,lower,upper,identification_status,assumption_note
A_bar_BUD,,,,TWD/period,UNIDENTIFIED,,,NONE,,,UNIDENTIFIED,
A_bar_ENG,,,,hours/period,UNIDENTIFIED,,,NONE,,,UNIDENTIFIED,
rev_cap,BU1,,,hours/period,UNIDENTIFIED,,,NONE,,,UNIDENTIFIED,
B0_BUD,BU1,,,TWD/period,UNIDENTIFIED,,,NONE,,,UNIDENTIFIED,
B0_ENG,BU1,,,hours/period,UNIDENTIFIED,,,NONE,,,UNIDENTIFIED,
rev_cap,BU2,,,hours/period,UNIDENTIFIED,,,NONE,,,UNIDENTIFIED,
B0_BUD,BU2,,,TWD/period,UNIDENTIFIED,,,NONE,,,UNIDENTIFIED,
B0_ENG,BU2,,,hours/period,UNIDENTIFIED,,,NONE,,,UNIDENTIFIED,
lam,,ROLE1,,TWD/hour,UNIDENTIFIED,,,NONE,,,UNIDENTIFIED,
lam_u,,ROLE1,,TWD/hour,UNIDENTIFIED,,,NONE,,,UNIDENTIFIED,
lam_U,,ROLE1,,TWD/hour,UNIDENTIFIED,,,NONE,,,UNIDENTIFIED,
lam,,ROLE2,,TWD/hour,UNIDENTIFIED,,,NONE,,,UNIDENTIFIED,
lam_u,,ROLE2,,TWD/hour,UNIDENTIFIED,,,NONE,,,UNIDENTIFIED,
lam_U,,ROLE2,,TWD/hour,UNIDENTIFIED,,,NONE,,,UNIDENTIFIED,
