policy_id,policy_role,parameter,initiative_id,config_id,unit_id,capability_id,value,unit,provenance_type,source_id,period,uncertainty,lower,upper,identification_status,assumption_note
POL_CUR,CURRENT,gov_cost,,,,,,TWD/period,UNIDENTIFIED,,,NONE,,,UNIDENTIFIED,
POL_CUR,CURRENT,allow,INI1,SQ,,,,binary,UNIDENTIFIED,,,NONE,,,UNIDENTIFIED,
POL_CUR,CURRENT,allow,INI1,AI1,,,,binary,UNIDENTIFIED,,,NONE,,,UNIDENTIFIED,
POL_CUR,CURRENT,G,INI1,,,,,ordinal_level,UNIDENTIFIED,,,NONE,,,UNIDENTIFIED,
POL_CUR,CURRENT,ebar,INI1,,,,,incidents/period,UNIDENTIFIED,,,NONE,,,UNIDENTIFIED,
POL_CUR,CURRENT,must,INI1,,,,,binary,UNIDENTIFIED,,,NONE,,,UNIDENTIFIED,
POL_CUR,CURRENT,forbid,INI1,,,,,binary,UNIDENTIFIED,,,NONE,,,UNIDENTIFIED,
POL_CUR,CURRENT,allow,INI2,SQ,,,,binary,UNIDENTIFIED,,,NONE,,,UNIDENTIFIED,
POL_CUR,CURRENT,allow,INI2,AI1,,,,binary,UNIDENTIFIED,,,NONE,,,UNIDENTIFIED,
POL_CUR,CURRENT,G,INI2,,,,,ordinal_level,UNIDENTIFIED,,,NONE,,,UNIDENTIFIED,
POL_CUR,CURRENT,ebar,INI2,,,,,incidents/period,UNIDENTIFIED,,,NONE,,,UNIDENTIFIED,
POL_CUR,CURRENT,must,INI2,,,,,binary,UNIDENTIFIED,,,NONE,,,UNIDENTIFIED,
POL_CUR,CURRENT,forbid,INI2,,,,,binary,UNIDENTIFIED,,,NONE,,,UNIDENTIFIED,
POL_CUR,CURRENT,allow,INI3,SQ,,,,binary,UNIDENTIFIED,,,NONE,,,UNIDENTIFIED,
POL_CUR,CURRENT,allow,INI3,AI1,,,,binary,UNIDENTIFIED,,,NONE,,,UNIDENTIFIED,
POL_CUR,CURRENT,G,INI3,,,,,ordinal_level,UNIDENTIFIED,,,NONE,,,UNIDENTIFIED,
POL_CUR,CURRENT,ebar,INI3,,,,,incidents/period,UNIDENTIFIED,,,NONE,,,UNIDENTIFIED,
POL_CUR,CURRENT,must,INI3,,,,,binary,UNIDENTIFIED,,,NONE,,,UNIDENTIFIED,
POL_CUR,CURRENT,forbid,INI3,,,,,binary,UNIDENTIFIED,,,NONE,,,UNIDENTIFIED,
POL_CUR,CURRENT,allow_loc,,,BU2,CAP1,,binary,UNIDENTIFIED,,,NONE,,,UNIDENTIFIED,
POL_LEGALMIN,LEGAL_MINIMUM,gov_cost,,,,,,TWD/period,UNIDENTIFIED,,,NONE,,,UNIDENTIFIED,
POL_LEGALMIN,LEGAL_MINIMUM,allow,INI1,SQ,,,,binary,UNIDENTIFIED,,,NONE,,,UNIDENTIFIED,
POL_LEGALMIN,LEGAL_MINIMUM,allow,INI1,AI1,,,,binary,UNIDENTIFIED,,,NONE,,,UNIDENTIFIED,
POL_LEGALMIN,LEGAL_MINIMUM,G,INI1,,,,,ordinal_level,UNIDENTIFIED,,,NONE,,,UNIDENTIFIED,
POL_LEGALMIN,LEGAL_MINIMUM,ebar,INI1,,,,,incidents/period,UNIDENTIFIED,,,NONE,,,UNIDENTIFIED,
POL_LEGALMIN,LEGAL_MINIMUM,must,INI1,,,,,binary,UNIDENTIFIED,,,NONE,,,UNIDENTIFIED,
POL_LEGALMIN,LEGAL_MINIMUM,forbid,INI1,,,,,binary,UNIDENTIFIED,,,NONE,,,UNIDENTIFIED,
POL_LEGALMIN,LEGAL_MINIMUM,allow,INI2,SQ,,,,binary,UNIDENTIFIED,,,NONE,,,UNIDENTIFIED,
POL_LEGALMIN,LEGAL_MINIMUM,allow,INI2,AI1,,,,binary,UNIDENTIFIED,,,NONE,,,UNIDENTIFIED,
POL_LEGALMIN,LEGAL_MINIMUM,G,INI2,,,,,ordinal_level,UNIDENTIFIED,,,NONE,,,UNIDENTIFIED,
POL_LEGALMIN,LEGAL_MINIMUM,ebar,INI2,,,,,incidents/period,UNIDENTIFIED,,,NONE,,,UNIDENTIFIED,
POL_LEGALMIN,LEGAL_MINIMUM,must,INI2,,,,,binary,UNIDENTIFIED,,,NONE,,,UNIDENTIFIED,
POL_LEGALMIN,LEGAL_MINIMUM,forbid,INI2,,,,,binary,UNIDENTIFIED,,,NONE,,,UNIDENTIFIED,
POL_LEGALMIN,LEGAL_MINIMUM,allow,INI3,SQ,,,,binary,UNIDENTIFIED,,,NONE,,,UNIDENTIFIED,
POL_LEGALMIN,LEGAL_MINIMUM,allow,INI3,AI1,,,,binary,UNIDENTIFIED,,,NONE,,,UNIDENTIFIED,
POL_LEGALMIN,LEGAL_MINIMUM,G,INI3,,,,,ordinal_level,UNIDENTIFIED,,,NONE,,,UNIDENTIFIED,
POL_LEGALMIN,LEGAL_MINIMUM,ebar,INI3,,,,,incidents/period,UNIDENTIFIED,,,NONE,,,UNIDENTIFIED,
POL_LEGALMIN,LEGAL_MINIMUM,must,INI3,,,,,binary,UNIDENTIFIED,,,NONE,,,UNIDENTIFIED,
POL_LEGALMIN,LEGAL_MINIMUM,forbid,INI3,,,,,binary,UNIDENTIFIED,,,NONE,,,UNIDENTIFIED,
POL_LEGALMIN,LEGAL_MINIMUM,allow_loc,,,BU2,CAP1,,binary,UNIDENTIFIED,,,NONE,,,UNIDENTIFIED,
