policy_id,parameter,A_level,kappa_level,value,unit,provenance_type,source_id,period,uncertainty,lower,upper,identification_status,assumption_note
POL_CUR,H_req,0,0,,ordinal_level,UNIDENTIFIED,,,NONE,,,UNIDENTIFIED,
POL_CUR,H_req,0,1,,ordinal_level,UNIDENTIFIED,,,NONE,,,UNIDENTIFIED,
POL_CUR,H_req,0,2,,ordinal_level,UNIDENTIFIED,,,NONE,,,UNIDENTIFIED,
POL_CUR,H_req,1,0,,ordinal_level,UNIDENTIFIED,,,NONE,,,UNIDENTIFIED,
POL_CUR,H_req,1,1,,ordinal_level,UNIDENTIFIED,,,NONE,,,UNIDENTIFIED,
POL_CUR,H_req,1,2,,ordinal_level,UNIDENTIFIED,,,NONE,,,UNIDENTIFIED,
POL_CUR,H_req,2,0,,ordinal_level,UNIDENTIFIED,,,NONE,,,UNIDENTIFIED,
POL_CUR,H_req,2,1,,ordinal_level,UNIDENTIFIED,,,NONE,,,UNIDENTIFIED,
POL_CUR,H_req,2,2,,ordinal_level,UNIDENTIFIED,,,NONE,,,UNIDENTIFIED,
POL_CUR,H_req,3,0,,ordinal_level,UNIDENTIFIED,,,NONE,,,UNIDENTIFIED,
POL_CUR,H_req,3,1,,ordinal_level,UNIDENTIFIED,,,NONE,,,UNIDENTIFIED,
POL_CUR,H_req,3,2,,ordinal_level,UNIDENTIFIED,,,NONE,,,UNIDENTIFIED,
POL_CUR,WI_req,0,0,,ordinal_level,UNIDENTIFIED,,,NONE,,,UNIDENTIFIED,
POL_CUR,WI_req,0,1,,ordinal_level,UNIDENTIFIED,,,NONE,,,UNIDENTIFIED,
POL_CUR,WI_req,0,2,,ordinal_level,UNIDENTIFIED,,,NONE,,,UNIDENTIFIED,
POL_CUR,WI_req,1,0,,ordinal_level,UNIDENTIFIED,,,NONE,,,UNIDENTIFIED,
POL_CUR,WI_req,1,1,,ordinal_level,UNIDENTIFIED,,,NONE,,,UNIDENTIFIED,
POL_CUR,WI_req,1,2,,ordinal_level,UNIDENTIFIED,,,NONE,,,UNIDENTIFIED,
POL_CUR,WI_req,2,0,,ordinal_level,UNIDENTIFIED,,,NONE,,,UNIDENTIFIED,
POL_CUR,WI_req,2,1,,ordinal_level,UNIDENTIFIED,,,NONE,,,UNIDENTIFIED,
POL_CUR,WI_req,2,2,,ordinal_level,UNIDENTIFIED,,,NONE,,,UNIDENTIFIED,
POL_CUR,WI_req,3,0,,ordinal_level,UNIDENTIFIED,,,NONE,,,UNIDENTIFIED,
POL_CUR,WI_req,3,1,,ordinal_level,UNIDENTIFIED,,,NONE,,,UNIDENTIFIED,
POL_CUR,WI_req,3,2,,ordinal_level,UNIDENTIFIED,,,NONE,,,UNIDENTIFIED,
POL_CUR,EA_req,0,0,,ordinal_level,UNIDENTIFIED,,,NONE,,,UNIDENTIFIED,
POL_CUR,EA_req,0,1,,ordinal_level,UNIDENTIFIED,,,NONE,,,UNIDENTIFIED,
POL_CUR,EA_req,0,2,,ordinal_level,UNIDENTIFIED,,,NONE,,,UNIDENTIFIED,
POL_CUR,EA_req,1,0,,ordinal_level,UNIDENTIFIED,,,NONE,,,UNIDENTIFIED,
POL_CUR,EA_req,1,1,,ordinal_level,UNIDENTIFIED,,,NONE,,,UNIDENTIFIED,
POL_CUR,EA_req,1,2,,ordinal_level,UNIDENTIFIED,,,NONE,,,UNIDENTIFIED,
POL_CUR,EA_req,2,0,,ordinal_level,UNIDENTIFIED,,,NONE,,,UNIDENTIFIED,
POL_CUR,EA_req,2,1,,ordinal_level,UNIDENTIFIED,,,NONE,,,UNIDENTIFIED,
POL_CUR,EA_req,2,2,,ordinal_level,UNIDENTIFIED,,,NONE,,,UNIDENTIFIED,
POL_CUR,EA_req,3,0,,ordinal_level,UNIDENTIFIED,,,NONE,,,UNIDENTIFIED,
POL_CUR,EA_req,3,1,,ordinal_level,UNIDENTIFIED,,,NONE,,,UNIDENTIFIED,
POL_CUR,EA_req,3,2,,ordinal_level,UNIDENTIFIED,,,NONE,,,UNIDENTIFIED,
POL_CUR,G_req,0,0,,ordinal_level,UNIDENTIFIED,,,NONE,,,UNIDENTIFIED,
POL_CUR,G_req,0,1,,ordinal_level,UNIDENTIFIED,,,NONE,,,UNIDENTIFIED,
POL_CUR,G_req,0,2,,ordinal_level,UNIDENTIFIED,,,NONE,,,UNIDENTIFIED,
POL_CUR,G_req,1,0,,ordinal_level,UNIDENTIFIED,,,NONE,,,UNIDENTIFIED,
POL_CUR,G_req,1,1,,ordinal_level,UNIDENTIFIED,,,NONE,,,UNIDENTIFIED,
POL_CUR,G_req,1,2,,ordinal_level,UNIDENTIFIED,,,NONE,,,UNIDENTIFIED,
POL_CUR,G_req,2,0,,ordinal_level,UNIDENTIFIED,,,NONE,,,UNIDENTIFIED,
POL_CUR,G_req,2,1,,ordinal_level,UNIDENTIFIED,,,NONE,,,UNIDENTIFIED,
POL_CUR,G_req,2,2,,ordinal_level,UNIDENTIFIED,,,NONE,,,UNIDENTIFIED,
POL_CUR,G_req,3,0,,ordinal_level,UNIDENTIFIED,,,NONE,,,UNIDENTIFIED,
POL_CUR,G_req,3,1,,ordinal_level,UNIDENTIFIED,,,NONE,,,UNIDENTIFIED,
POL_CUR,G_req,3,2,,ordinal_level,UNIDENTIFIED,,,NONE,,,UNIDENTIFIED,
POL_LEGALMIN,H_req,0,0,,ordinal_level,UNIDENTIFIED,,,NONE,,,UNIDENTIFIED,
POL_LEGALMIN,H_req,0,1,,ordinal_level,UNIDENTIFIED,,,NONE,,,UNIDENTIFIED,
POL_LEGALMIN,H_req,0,2,,ordinal_level,UNIDENTIFIED,,,NONE,,,UNIDENTIFIED,
POL_LEGALMIN,H_req,1,0,,ordinal_level,UNIDENTIFIED,,,NONE,,,UNIDENTIFIED,
POL_LEGALMIN,H_req,1,1,,ordinal_level,UNIDENTIFIED,,,NONE,,,UNIDENTIFIED,
POL_LEGALMIN,H_req,1,2,,ordinal_level,UNIDENTIFIED,,,NONE,,,UNIDENTIFIED,
POL_LEGALMIN,H_req,2,0,,ordinal_level,UNIDENTIFIED,,,NONE,,,UNIDENTIFIED,
POL_LEGALMIN,H_req,2,1,,ordinal_level,UNIDENTIFIED,,,NONE,,,UNIDENTIFIED,
POL_LEGALMIN,H_req,2,2,,ordinal_level,UNIDENTIFIED,,,NONE,,,UNIDENTIFIED,
POL_LEGALMIN,H_req,3,0,,ordinal_level,UNIDENTIFIED,,,NONE,,,UNIDENTIFIED,
POL_LEGALMIN,H_req,3,1,,ordinal_level,UNIDENTIFIED,,,NONE,,,UNIDENTIFIED,
POL_LEGALMIN,H_req,3,2,,ordinal_level,UNIDENTIFIED,,,NONE,,,UNIDENTIFIED,
POL_LEGALMIN,WI_req,0,0,,ordinal_level,UNIDENTIFIED,,,NONE,,,UNIDENTIFIED,
POL_LEGALMIN,WI_req,0,1,,ordinal_level,UNIDENTIFIED,,,NONE,,,UNIDENTIFIED,
POL_LEGALMIN,WI_req,0,2,,ordinal_level,UNIDENTIFIED,,,NONE,,,UNIDENTIFIED,
POL_LEGALMIN,WI_req,1,0,,ordinal_level,UNIDENTIFIED,,,NONE,,,UNIDENTIFIED,
POL_LEGALMIN,WI_req,1,1,,ordinal_level,UNIDENTIFIED,,,NONE,,,UNIDENTIFIED,
POL_LEGALMIN,WI_req,1,2,,ordinal_level,UNIDENTIFIED,,,NONE,,,UNIDENTIFIED,
POL_LEGALMIN,WI_req,2,0,,ordinal_level,UNIDENTIFIED,,,NONE,,,UNIDENTIFIED,
POL_LEGALMIN,WI_req,2,1,,ordinal_level,UNIDENTIFIED,,,NONE,,,UNIDENTIFIED,
POL_LEGALMIN,WI_req,2,2,,ordinal_level,UNIDENTIFIED,,,NONE,,,UNIDENTIFIED,
POL_LEGALMIN,WI_req,3,0,,ordinal_level,UNIDENTIFIED,,,NONE,,,UNIDENTIFIED,
POL_LEGALMIN,WI_req,3,1,,ordinal_level,UNIDENTIFIED,,,NONE,,,UNIDENTIFIED,
POL_LEGALMIN,WI_req,3,2,,ordinal_level,UNIDENTIFIED,,,NONE,,,UNIDENTIFIED,
POL_LEGALMIN,EA_req,0,0,,ordinal_level,UNIDENTIFIED,,,NONE,,,UNIDENTIFIED,
POL_LEGALMIN,EA_req,0,1,,ordinal_level,UNIDENTIFIED,,,NONE,,,UNIDENTIFIED,
POL_LEGALMIN,EA_req,0,2,,ordinal_level,UNIDENTIFIED,,,NONE,,,UNIDENTIFIED,
POL_LEGALMIN,EA_req,1,0,,ordinal_level,UNIDENTIFIED,,,NONE,,,UNIDENTIFIED,
POL_LEGALMIN,EA_req,1,1,,ordinal_level,UNIDENTIFIED,,,NONE,,,UNIDENTIFIED,
POL_LEGALMIN,EA_req,1,2,,ordinal_level,UNIDENTIFIED,,,NONE,,,UNIDENTIFIED,
POL_LEGALMIN,EA_req,2,0,,ordinal_level,UNIDENTIFIED,,,NONE,,,UNIDENTIFIED,
POL_LEGALMIN,EA_req,2,1,,ordinal_level,UNIDENTIFIED,,,NONE,,,UNIDENTIFIED,
POL_LEGALMIN,EA_req,2,2,,ordinal_level,UNIDENTIFIED,,,NONE,,,UNIDENTIFIED,
POL_LEGALMIN,EA_req,3,0,,ordinal_level,UNIDENTIFIED,,,NONE,,,UNIDENTIFIED,
POL_LEGALMIN,EA_req,3,1,,ordinal_level,UNIDENTIFIED,,,NONE,,,UNIDENTIFIED,
POL_LEGALMIN,EA_req,3,2,,ordinal_level,UNIDENTIFIED,,,NONE,,,UNIDENTIFIED,
POL_LEGALMIN,G_req,0,0,,ordinal_level,UNIDENTIFIED,,,NONE,,,UNIDENTIFIED,
POL_LEGALMIN,G_req,0,1,,ordinal_level,UNIDENTIFIED,,,NONE,,,UNIDENTIFIED,
POL_LEGALMIN,G_req,0,2,,ordinal_level,UNIDENTIFIED,,,NONE,,,UNIDENTIFIED,
POL_LEGALMIN,G_req,1,0,,ordinal_level,UNIDENTIFIED,,,NONE,,,UNIDENTIFIED,
POL_LEGALMIN,G_req,1,1,,ordinal_level,UNIDENTIFIED,,,NONE,,,UNIDENTIFIED,
POL_LEGALMIN,G_req,1,2,,ordinal_level,UNIDENTIFIED,,,NONE,,,UNIDENTIFIED,
POL_LEGALMIN,G_req,2,0,,ordinal_level,UNIDENTIFIED,,,NONE,,,UNIDENTIFIED,
POL_LEGALMIN,G_req,2,1,,ordinal_level,UNIDENTIFIED,,,NONE,,,UNIDENTIFIED,
POL_LEGALMIN,G_req,2,2,,ordinal_level,UNIDENTIFIED,,,NONE,,,UNIDENTIFIED,
POL_LEGALMIN,G_req,3,0,,ordinal_level,UNIDENTIFIED,,,NONE,,,UNIDENTIFIED,
POL_LEGALMIN,G_req,3,1,,ordinal_level,UNIDENTIFIED,,,NONE,,,UNIDENTIFIED,
POL_LEGALMIN,G_req,3,2,,ordinal_level,UNIDENTIFIED,,,NONE,,,UNIDENTIFIED,
*,R_req,0,,,ordinal_level,UNIDENTIFIED,,,NONE,,,UNIDENTIFIED,
*,R_req,1,,,ordinal_level,UNIDENTIFIED,,,NONE,,,UNIDENTIFIED,
*,R_req,2,,,ordinal_level,UNIDENTIFIED,,,NONE,,,UNIDENTIFIED,
*,R_req,3,,,ordinal_level,UNIDENTIFIED,,,NONE,,,UNIDENTIFIED,
*,D_req,0,,,ordinal_level,UNIDENTIFIED,,,NONE,,,UNIDENTIFIED,
*,D_req,1,,,ordinal_level,UNIDENTIFIED,,,NONE,,,UNIDENTIFIED,
*,D_req,2,,,ordinal_level,UNIDENTIFIED,,,NONE,,,UNIDENTIFIED,
*,D_req,3,,,ordinal_level,UNIDENTIFIED,,,NONE,,,UNIDENTIFIED,
