initiative_id,config_id,signal,role,capability_state,rho_kind,response,parameter,value,unit,provenance_type,source_id,period,uncertainty,lower,upper,identification_status,assumption_note
INI1,SQ,Z_FLAG,ROLE1,,observed,NA,rho,,probability,UNIDENTIFIED,,,NONE,,,UNIDENTIFIED,
INI1,SQ,Z_FLAG,ROLE2,,observed,NA,rho,,probability,UNIDENTIFIED,,,NONE,,,UNIDENTIFIED,
INI1,SQ,Z_NOFLAG,ROLE1,,observed,NA,rho,,probability,UNIDENTIFIED,,,NONE,,,UNIDENTIFIED,
INI1,SQ,Z_NOFLAG,ROLE2,,observed,NA,rho,,probability,UNIDENTIFIED,,,NONE,,,UNIDENTIFIED,
INI1,AI1,Z_FLAG,ROLE1,,observed,Use,rho,,probability,UNIDENTIFIED,,,NONE,,,UNIDENTIFIED,
INI1,AI1,Z_FLAG,ROLE1,,observed,Verify,rho,,probability,UNIDENTIFIED,,,NONE,,,UNIDENTIFIED,
INI1,AI1,Z_FLAG,ROLE1,,observed,Reject,rho,,probability,UNIDENTIFIED,,,NONE,,,UNIDENTIFIED,
INI1,AI1,Z_FLAG,ROLE1,,counterfactual,Use,rho,,probability,UNIDENTIFIED,,,NONE,,,UNIDENTIFIED,
INI1,AI1,Z_FLAG,ROLE1,,counterfactual,Verify,rho,,probability,UNIDENTIFIED,,,NONE,,,UNIDENTIFIED,
INI1,AI1,Z_FLAG,ROLE1,,counterfactual,Reject,rho,,probability,UNIDENTIFIED,,,NONE,,,UNIDENTIFIED,
INI1,AI1,Z_FLAG,ROLE1,,design,Use,rho,,probability,UNIDENTIFIED,,,NONE,,,UNIDENTIFIED,
INI1,AI1,Z_FLAG,ROLE1,,design,Verify,rho,,probability,UNIDENTIFIED,,,NONE,,,UNIDENTIFIED,
INI1,AI1,Z_FLAG,ROLE1,,design,Reject,rho,,probability,UNIDENTIFIED,,,NONE,,,UNIDENTIFIED,
INI1,AI1,Z_FLAG,ROLE2,,observed,Use,rho,,probability,UNIDENTIFIED,,,NONE,,,UNIDENTIFIED,
INI1,AI1,Z_FLAG,ROLE2,,observed,Verify,rho,,probability,UNIDENTIFIED,,,NONE,,,UNIDENTIFIED,
INI1,AI1,Z_FLAG,ROLE2,,observed,Reject,rho,,probability,UNIDENTIFIED,,,NONE,,,UNIDENTIFIED,
INI1,AI1,Z_FLAG,ROLE2,,counterfactual,Use,rho,,probability,UNIDENTIFIED,,,NONE,,,UNIDENTIFIED,
INI1,AI1,Z_FLAG,ROLE2,,counterfactual,Verify,rho,,probability,UNIDENTIFIED,,,NONE,,,UNIDENTIFIED,
INI1,AI1,Z_FLAG,ROLE2,,counterfactual,Reject,rho,,probability,UNIDENTIFIED,,,NONE,,,UNIDENTIFIED,
INI1,AI1,Z_FLAG,ROLE2,,design,Use,rho,,probability,UNIDENTIFIED,,,NONE,,,UNIDENTIFIED,
INI1,AI1,Z_FLAG,ROLE2,,design,Verify,rho,,probability,UNIDENTIFIED,,,NONE,,,UNIDENTIFIED,
INI1,AI1,Z_FLAG,ROLE2,,design,Reject,rho,,probability,UNIDENTIFIED,,,NONE,,,UNIDENTIFIED,
INI1,AI1,Z_NOFLAG,ROLE1,,observed,Use,rho,,probability,UNIDENTIFIED,,,NONE,,,UNIDENTIFIED,
INI1,AI1,Z_NOFLAG,ROLE1,,observed,Verify,rho,,probability,UNIDENTIFIED,,,NONE,,,UNIDENTIFIED,
INI1,AI1,Z_NOFLAG,ROLE1,,observed,Reject,rho,,probability,UNIDENTIFIED,,,NONE,,,UNIDENTIFIED,
INI1,AI1,Z_NOFLAG,ROLE1,,counterfactual,Use,rho,,probability,UNIDENTIFIED,,,NONE,,,UNIDENTIFIED,
INI1,AI1,Z_NOFLAG,ROLE1,,counterfactual,Verify,rho,,probability,UNIDENTIFIED,,,NONE,,,UNIDENTIFIED,
INI1,AI1,Z_NOFLAG,ROLE1,,counterfactual,Reject,rho,,probability,UNIDENTIFIED,,,NONE,,,UNIDENTIFIED,
INI1,AI1,Z_NOFLAG,ROLE1,,design,Use,rho,,probability,UNIDENTIFIED,,,NONE,,,UNIDENTIFIED,
INI1,AI1,Z_NOFLAG,ROLE1,,design,Verify,rho,,probability,UNIDENTIFIED,,,NONE,,,UNIDENTIFIED,
INI1,AI1,Z_NOFLAG,ROLE1,,design,Reject,rho,,probability,UNIDENTIFIED,,,NONE,,,UNIDENTIFIED,
INI1,AI1,Z_NOFLAG,ROLE2,,observed,Use,rho,,probability,UNIDENTIFIED,,,NONE,,,UNIDENTIFIED,
INI1,AI1,Z_NOFLAG,ROLE2,,observed,Verify,rho,,probability,UNIDENTIFIED,,,NONE,,,UNIDENTIFIED,
INI1,AI1,Z_NOFLAG,ROLE2,,observed,Reject,rho,,probability,UNIDENTIFIED,,,NONE,,,UNIDENTIFIED,
INI1,AI1,Z_NOFLAG,ROLE2,,counterfactual,Use,rho,,probability,UNIDENTIFIED,,,NONE,,,UNIDENTIFIED,
INI1,AI1,Z_NOFLAG,ROLE2,,counterfactual,Verify,rho,,probability,UNIDENTIFIED,,,NONE,,,UNIDENTIFIED,
INI1,AI1,Z_NOFLAG,ROLE2,,counterfactual,Reject,rho,,probability,UNIDENTIFIED,,,NONE,,,UNIDENTIFIED,
INI1,AI1,Z_NOFLAG,ROLE2,,design,Use,rho,,probability,UNIDENTIFIED,,,NONE,,,UNIDENTIFIED,
INI1,AI1,Z_NOFLAG,ROLE2,,design,Verify,rho,,probability,UNIDENTIFIED,,,NONE,,,UNIDENTIFIED,
INI1,AI1,Z_NOFLAG,ROLE2,,design,Reject,rho,,probability,UNIDENTIFIED,,,NONE,,,UNIDENTIFIED,
INI2,SQ,Z_FLAG,ROLE1,,observed,NA,rho,,probability,UNIDENTIFIED,,,NONE,,,UNIDENTIFIED,
INI2,SQ,Z_FLAG,ROLE2,,observed,NA,rho,,probability,UNIDENTIFIED,,,NONE,,,UNIDENTIFIED,
INI2,SQ,Z_NOFLAG,ROLE1,,observed,NA,rho,,probability,UNIDENTIFIED,,,NONE,,,UNIDENTIFIED,
INI2,SQ,Z_NOFLAG,ROLE2,,observed,NA,rho,,probability,UNIDENTIFIED,,,NONE,,,UNIDENTIFIED,
INI2,AI1,Z_FLAG,ROLE1,,observed,Use,rho,,probability,UNIDENTIFIED,,,NONE,,,UNIDENTIFIED,
INI2,AI1,Z_FLAG,ROLE1,,observed,Verify,rho,,probability,UNIDENTIFIED,,,NONE,,,UNIDENTIFIED,
INI2,AI1,Z_FLAG,ROLE1,,observed,Reject,rho,,probability,UNIDENTIFIED,,,NONE,,,UNIDENTIFIED,
INI2,AI1,Z_FLAG,ROLE1,,counterfactual,Use,rho,,probability,UNIDENTIFIED,,,NONE,,,UNIDENTIFIED,
INI2,AI1,Z_FLAG,ROLE1,,counterfactual,Verify,rho,,probability,UNIDENTIFIED,,,NONE,,,UNIDENTIFIED,
INI2,AI1,Z_FLAG,ROLE1,,counterfactual,Reject,rho,,probability,UNIDENTIFIED,,,NONE,,,UNIDENTIFIED,
INI2,AI1,Z_FLAG,ROLE1,,design,Use,rho,,probability,UNIDENTIFIED,,,NONE,,,UNIDENTIFIED,
INI2,AI1,Z_FLAG,ROLE1,,design,Verify,rho,,probability,UNIDENTIFIED,,,NONE,,,UNIDENTIFIED,
INI2,AI1,Z_FLAG,ROLE1,,design,Reject,rho,,probability,UNIDENTIFIED,,,NONE,,,UNIDENTIFIED,
INI2,AI1,Z_FLAG,ROLE2,,observed,Use,rho,,probability,UNIDENTIFIED,,,NONE,,,UNIDENTIFIED,
INI2,AI1,Z_FLAG,ROLE2,,observed,Verify,rho,,probability,UNIDENTIFIED,,,NONE,,,UNIDENTIFIED,
INI2,AI1,Z_FLAG,ROLE2,,observed,Reject,rho,,probability,UNIDENTIFIED,,,NONE,,,UNIDENTIFIED,
INI2,AI1,Z_FLAG,ROLE2,,counterfactual,Use,rho,,probability,UNIDENTIFIED,,,NONE,,,UNIDENTIFIED,
INI2,AI1,Z_FLAG,ROLE2,,counterfactual,Verify,rho,,probability,UNIDENTIFIED,,,NONE,,,UNIDENTIFIED,
INI2,AI1,Z_FLAG,ROLE2,,counterfactual,Reject,rho,,probability,UNIDENTIFIED,,,NONE,,,UNIDENTIFIED,
INI2,AI1,Z_FLAG,ROLE2,,design,Use,rho,,probability,UNIDENTIFIED,,,NONE,,,UNIDENTIFIED,
INI2,AI1,Z_FLAG,ROLE2,,design,Verify,rho,,probability,UNIDENTIFIED,,,NONE,,,UNIDENTIFIED,
INI2,AI1,Z_FLAG,ROLE2,,design,Reject,rho,,probability,UNIDENTIFIED,,,NONE,,,UNIDENTIFIED,
INI2,AI1,Z_NOFLAG,ROLE1,,observed,Use,rho,,probability,UNIDENTIFIED,,,NONE,,,UNIDENTIFIED,
INI2,AI1,Z_NOFLAG,ROLE1,,observed,Verify,rho,,probability,UNIDENTIFIED,,,NONE,,,UNIDENTIFIED,
INI2,AI1,Z_NOFLAG,ROLE1,,observed,Reject,rho,,probability,UNIDENTIFIED,,,NONE,,,UNIDENTIFIED,
INI2,AI1,Z_NOFLAG,ROLE1,,counterfactual,Use,rho,,probability,UNIDENTIFIED,,,NONE,,,UNIDENTIFIED,
INI2,AI1,Z_NOFLAG,ROLE1,,counterfactual,Verify,rho,,probability,UNIDENTIFIED,,,NONE,,,UNIDENTIFIED,
INI2,AI1,Z_NOFLAG,ROLE1,,counterfactual,Reject,rho,,probability,UNIDENTIFIED,,,NONE,,,UNIDENTIFIED,
INI2,AI1,Z_NOFLAG,ROLE1,,design,Use,rho,,probability,UNIDENTIFIED,,,NONE,,,UNIDENTIFIED,
INI2,AI1,Z_NOFLAG,ROLE1,,design,Verify,rho,,probability,UNIDENTIFIED,,,NONE,,,UNIDENTIFIED,
INI2,AI1,Z_NOFLAG,ROLE1,,design,Reject,rho,,probability,UNIDENTIFIED,,,NONE,,,UNIDENTIFIED,
INI2,AI1,Z_NOFLAG,ROLE2,,observed,Use,rho,,probability,UNIDENTIFIED,,,NONE,,,UNIDENTIFIED,
INI2,AI1,Z_NOFLAG,ROLE2,,observed,Verify,rho,,probability,UNIDENTIFIED,,,NONE,,,UNIDENTIFIED,
INI2,AI1,Z_NOFLAG,ROLE2,,observed,Reject,rho,,probability,UNIDENTIFIED,,,NONE,,,UNIDENTIFIED,
INI2,AI1,Z_NOFLAG,ROLE2,,counterfactual,Use,rho,,probability,UNIDENTIFIED,,,NONE,,,UNIDENTIFIED,
INI2,AI1,Z_NOFLAG,ROLE2,,counterfactual,Verify,rho,,probability,UNIDENTIFIED,,,NONE,,,UNIDENTIFIED,
INI2,AI1,Z_NOFLAG,ROLE2,,counterfactual,Reject,rho,,probability,UNIDENTIFIED,,,NONE,,,UNIDENTIFIED,
INI2,AI1,Z_NOFLAG,ROLE2,,design,Use,rho,,probability,UNIDENTIFIED,,,NONE,,,UNIDENTIFIED,
INI2,AI1,Z_NOFLAG,ROLE2,,design,Verify,rho,,probability,UNIDENTIFIED,,,NONE,,,UNIDENTIFIED,
INI2,AI1,Z_NOFLAG,ROLE2,,design,Reject,rho,,probability,UNIDENTIFIED,,,NONE,,,UNIDENTIFIED,
INI3,SQ,Z_FLAG,ROLE1,,observed,NA,rho,,probability,UNIDENTIFIED,,,NONE,,,UNIDENTIFIED,
INI3,SQ,Z_FLAG,ROLE2,,observed,NA,rho,,probability,UNIDENTIFIED,,,NONE,,,UNIDENTIFIED,
INI3,SQ,Z_NOFLAG,ROLE1,,observed,NA,rho,,probability,UNIDENTIFIED,,,NONE,,,UNIDENTIFIED,
INI3,SQ,Z_NOFLAG,ROLE2,,observed,NA,rho,,probability,UNIDENTIFIED,,,NONE,,,UNIDENTIFIED,
INI3,AI1,Z_FLAG,ROLE1,,observed,Use,rho,,probability,UNIDENTIFIED,,,NONE,,,UNIDENTIFIED,
INI3,AI1,Z_FLAG,ROLE1,,observed,Verify,rho,,probability,UNIDENTIFIED,,,NONE,,,UNIDENTIFIED,
INI3,AI1,Z_FLAG,ROLE1,,observed,Reject,rho,,probability,UNIDENTIFIED,,,NONE,,,UNIDENTIFIED,
INI3,AI1,Z_FLAG,ROLE1,,counterfactual,Use,rho,,probability,UNIDENTIFIED,,,NONE,,,UNIDENTIFIED,
INI3,AI1,Z_FLAG,ROLE1,,counterfactual,Verify,rho,,probability,UNIDENTIFIED,,,NONE,,,UNIDENTIFIED,
INI3,AI1,Z_FLAG,ROLE1,,counterfactual,Reject,rho,,probability,UNIDENTIFIED,,,NONE,,,UNIDENTIFIED,
INI3,AI1,Z_FLAG,ROLE1,,design,Use,rho,,probability,UNIDENTIFIED,,,NONE,,,UNIDENTIFIED,
INI3,AI1,Z_FLAG,ROLE1,,design,Verify,rho,,probability,UNIDENTIFIED,,,NONE,,,UNIDENTIFIED,
INI3,AI1,Z_FLAG,ROLE1,,design,Reject,rho,,probability,UNIDENTIFIED,,,NONE,,,UNIDENTIFIED,
INI3,AI1,Z_FLAG,ROLE2,,observed,Use,rho,,probability,UNIDENTIFIED,,,NONE,,,UNIDENTIFIED,
INI3,AI1,Z_FLAG,ROLE2,,observed,Verify,rho,,probability,UNIDENTIFIED,,,NONE,,,UNIDENTIFIED,
INI3,AI1,Z_FLAG,ROLE2,,observed,Reject,rho,,probability,UNIDENTIFIED,,,NONE,,,UNIDENTIFIED,
INI3,AI1,Z_FLAG,ROLE2,,counterfactual,Use,rho,,probability,UNIDENTIFIED,,,NONE,,,UNIDENTIFIED,
INI3,AI1,Z_FLAG,ROLE2,,counterfactual,Verify,rho,,probability,UNIDENTIFIED,,,NONE,,,UNIDENTIFIED,
INI3,AI1,Z_FLAG,ROLE2,,counterfactual,Reject,rho,,probability,UNIDENTIFIED,,,NONE,,,UNIDENTIFIED,
INI3,AI1,Z_FLAG,ROLE2,,design,Use,rho,,probability,UNIDENTIFIED,,,NONE,,,UNIDENTIFIED,
INI3,AI1,Z_FLAG,ROLE2,,design,Verify,rho,,probability,UNIDENTIFIED,,,NONE,,,UNIDENTIFIED,
INI3,AI1,Z_FLAG,ROLE2,,design,Reject,rho,,probability,UNIDENTIFIED,,,NONE,,,UNIDENTIFIED,
INI3,AI1,Z_NOFLAG,ROLE1,,observed,Use,rho,,probability,UNIDENTIFIED,,,NONE,,,UNIDENTIFIED,
INI3,AI1,Z_NOFLAG,ROLE1,,observed,Verify,rho,,probability,UNIDENTIFIED,,,NONE,,,UNIDENTIFIED,
INI3,AI1,Z_NOFLAG,ROLE1,,observed,Reject,rho,,probability,UNIDENTIFIED,,,NONE,,,UNIDENTIFIED,
INI3,AI1,Z_NOFLAG,ROLE1,,counterfactual,Use,rho,,probability,UNIDENTIFIED,,,NONE,,,UNIDENTIFIED,
INI3,AI1,Z_NOFLAG,ROLE1,,counterfactual,Verify,rho,,probability,UNIDENTIFIED,,,NONE,,,UNIDENTIFIED,
INI3,AI1,Z_NOFLAG,ROLE1,,counterfactual,Reject,rho,,probability,UNIDENTIFIED,,,NONE,,,UNIDENTIFIED,
INI3,AI1,Z_NOFLAG,ROLE1,,design,Use,rho,,probability,UNIDENTIFIED,,,NONE,,,UNIDENTIFIED,
INI3,AI1,Z_NOFLAG,ROLE1,,design,Verify,rho,,probability,UNIDENTIFIED,,,NONE,,,UNIDENTIFIED,
INI3,AI1,Z_NOFLAG,ROLE1,,design,Reject,rho,,probability,UNIDENTIFIED,,,NONE,,,UNIDENTIFIED,
INI3,AI1,Z_NOFLAG,ROLE2,,observed,Use,rho,,probability,UNIDENTIFIED,,,NONE,,,UNIDENTIFIED,
INI3,AI1,Z_NOFLAG,ROLE2,,observed,Verify,rho,,probability,UNIDENTIFIED,,,NONE,,,UNIDENTIFIED,
INI3,AI1,Z_NOFLAG,ROLE2,,observed,Reject,rho,,probability,UNIDENTIFIED,,,NONE,,,UNIDENTIFIED,
INI3,AI1,Z_NOFLAG,ROLE2,,counterfactual,Use,rho,,probability,UNIDENTIFIED,,,NONE,,,UNIDENTIFIED,
INI3,AI1,Z_NOFLAG,ROLE2,,counterfactual,Verify,rho,,probability,UNIDENTIFIED,,,NONE,,,UNIDENTIFIED,
INI3,AI1,Z_NOFLAG,ROLE2,,counterfactual,Reject,rho,,probability,UNIDENTIFIED,,,NONE,,,UNIDENTIFIED,
INI3,AI1,Z_NOFLAG,ROLE2,,design,Use,rho,,probability,UNIDENTIFIED,,,NONE,,,UNIDENTIFIED,
INI3,AI1,Z_NOFLAG,ROLE2,,design,Verify,rho,,probability,UNIDENTIFIED,,,NONE,,,UNIDENTIFIED,
INI3,AI1,Z_NOFLAG,ROLE2,,design,Reject,rho,,probability,UNIDENTIFIED,,,NONE,,,UNIDENTIFIED,
