initiative_id,config_id,signal,outcome,parameter,value,unit,provenance_type,source_id,period,uncertainty,lower,upper,identification_status,assumption_note
INI1,SQ,Z_FLAG,W_OK,P,,probability,UNIDENTIFIED,,,NONE,,,UNIDENTIFIED,
INI1,SQ,Z_FLAG,W_ERR,P,,probability,UNIDENTIFIED,,,NONE,,,UNIDENTIFIED,
INI1,SQ,Z_NOFLAG,W_OK,P,,probability,UNIDENTIFIED,,,NONE,,,UNIDENTIFIED,
INI1,SQ,Z_NOFLAG,W_ERR,P,,probability,UNIDENTIFIED,,,NONE,,,UNIDENTIFIED,
INI1,AI1,Z_FLAG,W_OK,P,,probability,UNIDENTIFIED,,,NONE,,,UNIDENTIFIED,
INI1,AI1,Z_FLAG,W_ERR,P,,probability,UNIDENTIFIED,,,NONE,,,UNIDENTIFIED,
INI1,AI1,Z_NOFLAG,W_OK,P,,probability,UNIDENTIFIED,,,NONE,,,UNIDENTIFIED,
INI1,AI1,Z_NOFLAG,W_ERR,P,,probability,UNIDENTIFIED,,,NONE,,,UNIDENTIFIED,
INI2,SQ,Z_FLAG,W_OK,P,,probability,UNIDENTIFIED,,,NONE,,,UNIDENTIFIED,
INI2,SQ,Z_FLAG,W_ERR,P,,probability,UNIDENTIFIED,,,NONE,,,UNIDENTIFIED,
INI2,SQ,Z_NOFLAG,W_OK,P,,probability,UNIDENTIFIED,,,NONE,,,UNIDENTIFIED,
INI2,SQ,Z_NOFLAG,W_ERR,P,,probability,UNIDENTIFIED,,,NONE,,,UNIDENTIFIED,
INI2,AI1,Z_FLAG,W_OK,P,,probability,UNIDENTIFIED,,,NONE,,,UNIDENTIFIED,
INI2,AI1,Z_FLAG,W_ERR,P,,probability,UNIDENTIFIED,,,NONE,,,UNIDENTIFIED,
INI2,AI1,Z_NOFLAG,W_OK,P,,probability,UNIDENTIFIED,,,NONE,,,UNIDENTIFIED,
INI2,AI1,Z_NOFLAG,W_ERR,P,,probability,UNIDENTIFIED,,,NONE,,,UNIDENTIFIED,
INI3,SQ,Z_FLAG,W_OK,P,,probability,UNIDENTIFIED,,,NONE,,,UNIDENTIFIED,
INI3,SQ,Z_FLAG,W_ERR,P,,probability,UNIDENTIFIED,,,NONE,,,UNIDENTIFIED,
INI3,SQ,Z_NOFLAG,W_OK,P,,probability,UNIDENTIFIED,,,NONE,,,UNIDENTIFIED,
INI3,SQ,Z_NOFLAG,W_ERR,P,,probability,UNIDENTIFIED,,,NONE,,,UNIDENTIFIED,
INI3,AI1,Z_FLAG,W_OK,P,,probability,UNIDENTIFIED,,,NONE,,,UNIDENTIFIED,
INI3,AI1,Z_FLAG,W_ERR,P,,probability,UNIDENTIFIED,,,NONE,,,UNIDENTIFIED,
INI3,AI1,Z_NOFLAG,W_OK,P,,probability,UNIDENTIFIED,,,NONE,,,UNIDENTIFIED,
INI3,AI1,Z_NOFLAG,W_ERR,P,,probability,UNIDENTIFIED,,,NONE,,,UNIDENTIFIED,
