initiative_id,config_id,role,signal,outcome,response,parameter,value,unit,provenance_type,source_id,period,uncertainty,lower,upper,identification_status,assumption_note
INI1,SQ,*,*,W_OK,NA,v_u,,TWD/event,UNIDENTIFIED,,,NONE,,,UNIDENTIFIED,INVARIANT over role and signal: value/loss/incident depend on outcome and response only — confirm or split
INI1,SQ,*,*,W_OK,NA,v_x,,TWD/event,UNIDENTIFIED,,,NONE,,,UNIDENTIFIED,INVARIANT over role and signal: value/loss/incident depend on outcome and response only — confirm or split
INI1,SQ,*,*,W_OK,NA,l_u,,TWD/event,UNIDENTIFIED,,,NONE,,,UNIDENTIFIED,INVARIANT over role and signal: value/loss/incident depend on outcome and response only — confirm or split
INI1,SQ,*,*,W_OK,NA,l_x,,TWD/event,UNIDENTIFIED,,,NONE,,,UNIDENTIFIED,INVARIANT over role and signal: value/loss/incident depend on outcome and response only — confirm or split
INI1,SQ,*,*,W_OK,NA,I_sev,,probability,UNIDENTIFIED,,,NONE,,,UNIDENTIFIED,INVARIANT over role and signal: value/loss/incident depend on outcome and response only — confirm or split
INI1,SQ,*,*,W_ERR,NA,v_u,,TWD/event,UNIDENTIFIED,,,NONE,,,UNIDENTIFIED,INVARIANT over role and signal: value/loss/incident depend on outcome and response only — confirm or split
INI1,SQ,*,*,W_ERR,NA,v_x,,TWD/event,UNIDENTIFIED,,,NONE,,,UNIDENTIFIED,INVARIANT over role and signal: value/loss/incident depend on outcome and response only — confirm or split
INI1,SQ,*,*,W_ERR,NA,l_u,,TWD/event,UNIDENTIFIED,,,NONE,,,UNIDENTIFIED,INVARIANT over role and signal: value/loss/incident depend on outcome and response only — confirm or split
INI1,SQ,*,*,W_ERR,NA,l_x,,TWD/event,UNIDENTIFIED,,,NONE,,,UNIDENTIFIED,INVARIANT over role and signal: value/loss/incident depend on outcome and response only — confirm or split
INI1,SQ,*,*,W_ERR,NA,I_sev,,probability,UNIDENTIFIED,,,NONE,,,UNIDENTIFIED,INVARIANT over role and signal: value/loss/incident depend on outcome and response only — confirm or split
INI1,SQ,*,*,*,*,c_u,,TWD/event,UNIDENTIFIED,,,NONE,,,UNIDENTIFIED,"INVARIANT over role, signal, outcome, response: per-event operating cost of the configuration — confirm or split"
INI1,SQ,*,*,*,*,c_x,,TWD/event,UNIDENTIFIED,,,NONE,,,UNIDENTIFIED,"INVARIANT over role, signal, outcome, response: per-event operating cost of the configuration — confirm or split"
INI1,SQ,ROLE1,*,*,NA,t,,hours/event,UNIDENTIFIED,,,NONE,,,UNIDENTIFIED,INVARIANT over signal and outcome: handling time depends on role and response — confirm or split
INI1,SQ,ROLE2,*,*,NA,t,,hours/event,UNIDENTIFIED,,,NONE,,,UNIDENTIFIED,INVARIANT over signal and outcome: handling time depends on role and response — confirm or split
INI1,SQ,*,*,*,NA,t_rev,,hours/event,UNIDENTIFIED,,,NONE,,,UNIDENTIFIED,"INVARIANT over role, signal and outcome: review time depends on response — confirm or split"
INI1,AI1,*,*,W_OK,Use,v_u,,TWD/event,UNIDENTIFIED,,,NONE,,,UNIDENTIFIED,INVARIANT over role and signal: value/loss/incident depend on outcome and response only — confirm or split
INI1,AI1,*,*,W_OK,Use,v_x,,TWD/event,UNIDENTIFIED,,,NONE,,,UNIDENTIFIED,INVARIANT over role and signal: value/loss/incident depend on outcome and response only — confirm or split
INI1,AI1,*,*,W_OK,Use,l_u,,TWD/event,UNIDENTIFIED,,,NONE,,,UNIDENTIFIED,INVARIANT over role and signal: value/loss/incident depend on outcome and response only — confirm or split
INI1,AI1,*,*,W_OK,Use,l_x,,TWD/event,UNIDENTIFIED,,,NONE,,,UNIDENTIFIED,INVARIANT over role and signal: value/loss/incident depend on outcome and response only — confirm or split
INI1,AI1,*,*,W_OK,Use,I_sev,,probability,UNIDENTIFIED,,,NONE,,,UNIDENTIFIED,INVARIANT over role and signal: value/loss/incident depend on outcome and response only — confirm or split
INI1,AI1,*,*,W_OK,Verify,v_u,,TWD/event,UNIDENTIFIED,,,NONE,,,UNIDENTIFIED,INVARIANT over role and signal: value/loss/incident depend on outcome and response only — confirm or split
INI1,AI1,*,*,W_OK,Verify,v_x,,TWD/event,UNIDENTIFIED,,,NONE,,,UNIDENTIFIED,INVARIANT over role and signal: value/loss/incident depend on outcome and response only — confirm or split
INI1,AI1,*,*,W_OK,Verify,l_u,,TWD/event,UNIDENTIFIED,,,NONE,,,UNIDENTIFIED,INVARIANT over role and signal: value/loss/incident depend on outcome and response only — confirm or split
INI1,AI1,*,*,W_OK,Verify,l_x,,TWD/event,UNIDENTIFIED,,,NONE,,,UNIDENTIFIED,INVARIANT over role and signal: value/loss/incident depend on outcome and response only — confirm or split
INI1,AI1,*,*,W_OK,Verify,I_sev,,probability,UNIDENTIFIED,,,NONE,,,UNIDENTIFIED,INVARIANT over role and signal: value/loss/incident depend on outcome and response only — confirm or split
INI1,AI1,*,*,W_OK,Reject,v_u,,TWD/event,UNIDENTIFIED,,,NONE,,,UNIDENTIFIED,INVARIANT over role and signal: value/loss/incident depend on outcome and response only — confirm or split
INI1,AI1,*,*,W_OK,Reject,v_x,,TWD/event,UNIDENTIFIED,,,NONE,,,UNIDENTIFIED,INVARIANT over role and signal: value/loss/incident depend on outcome and response only — confirm or split
INI1,AI1,*,*,W_OK,Reject,l_u,,TWD/event,UNIDENTIFIED,,,NONE,,,UNIDENTIFIED,INVARIANT over role and signal: value/loss/incident depend on outcome and response only — confirm or split
INI1,AI1,*,*,W_OK,Reject,l_x,,TWD/event,UNIDENTIFIED,,,NONE,,,UNIDENTIFIED,INVARIANT over role and signal: value/loss/incident depend on outcome and response only — confirm or split
INI1,AI1,*,*,W_OK,Reject,I_sev,,probability,UNIDENTIFIED,,,NONE,,,UNIDENTIFIED,INVARIANT over role and signal: value/loss/incident depend on outcome and response only — confirm or split
INI1,AI1,*,*,W_ERR,Use,v_u,,TWD/event,UNIDENTIFIED,,,NONE,,,UNIDENTIFIED,INVARIANT over role and signal: value/loss/incident depend on outcome and response only — confirm or split
INI1,AI1,*,*,W_ERR,Use,v_x,,TWD/event,UNIDENTIFIED,,,NONE,,,UNIDENTIFIED,INVARIANT over role and signal: value/loss/incident depend on outcome and response only — confirm or split
INI1,AI1,*,*,W_ERR,Use,l_u,,TWD/event,UNIDENTIFIED,,,NONE,,,UNIDENTIFIED,INVARIANT over role and signal: value/loss/incident depend on outcome and response only — confirm or split
INI1,AI1,*,*,W_ERR,Use,l_x,,TWD/event,UNIDENTIFIED,,,NONE,,,UNIDENTIFIED,INVARIANT over role and signal: value/loss/incident depend on outcome and response only — confirm or split
INI1,AI1,*,*,W_ERR,Use,I_sev,,probability,UNIDENTIFIED,,,NONE,,,UNIDENTIFIED,INVARIANT over role and signal: value/loss/incident depend on outcome and response only — confirm or split
INI1,AI1,*,*,W_ERR,Verify,v_u,,TWD/event,UNIDENTIFIED,,,NONE,,,UNIDENTIFIED,INVARIANT over role and signal: value/loss/incident depend on outcome and response only — confirm or split
INI1,AI1,*,*,W_ERR,Verify,v_x,,TWD/event,UNIDENTIFIED,,,NONE,,,UNIDENTIFIED,INVARIANT over role and signal: value/loss/incident depend on outcome and response only — confirm or split
INI1,AI1,*,*,W_ERR,Verify,l_u,,TWD/event,UNIDENTIFIED,,,NONE,,,UNIDENTIFIED,INVARIANT over role and signal: value/loss/incident depend on outcome and response only — confirm or split
INI1,AI1,*,*,W_ERR,Verify,l_x,,TWD/event,UNIDENTIFIED,,,NONE,,,UNIDENTIFIED,INVARIANT over role and signal: value/loss/incident depend on outcome and response only — confirm or split
INI1,AI1,*,*,W_ERR,Verify,I_sev,,probability,UNIDENTIFIED,,,NONE,,,UNIDENTIFIED,INVARIANT over role and signal: value/loss/incident depend on outcome and response only — confirm or split
INI1,AI1,*,*,W_ERR,Reject,v_u,,TWD/event,UNIDENTIFIED,,,NONE,,,UNIDENTIFIED,INVARIANT over role and signal: value/loss/incident depend on outcome and response only — confirm or split
INI1,AI1,*,*,W_ERR,Reject,v_x,,TWD/event,UNIDENTIFIED,,,NONE,,,UNIDENTIFIED,INVARIANT over role and signal: value/loss/incident depend on outcome and response only — confirm or split
INI1,AI1,*,*,W_ERR,Reject,l_u,,TWD/event,UNIDENTIFIED,,,NONE,,,UNIDENTIFIED,INVARIANT over role and signal: value/loss/incident depend on outcome and response only — confirm or split
INI1,AI1,*,*,W_ERR,Reject,l_x,,TWD/event,UNIDENTIFIED,,,NONE,,,UNIDENTIFIED,INVARIANT over role and signal: value/loss/incident depend on outcome and response only — confirm or split
INI1,AI1,*,*,W_ERR,Reject,I_sev,,probability,UNIDENTIFIED,,,NONE,,,UNIDENTIFIED,INVARIANT over role and signal: value/loss/incident depend on outcome and response only — confirm or split
INI1,AI1,*,*,*,*,c_u,,TWD/event,UNIDENTIFIED,,,NONE,,,UNIDENTIFIED,"INVARIANT over role, signal, outcome, response: per-event operating cost of the configuration — confirm or split"
INI1,AI1,*,*,*,*,c_x,,TWD/event,UNIDENTIFIED,,,NONE,,,UNIDENTIFIED,"INVARIANT over role, signal, outcome, response: per-event operating cost of the configuration — confirm or split"
INI1,AI1,ROLE1,*,*,Use,t,,hours/event,UNIDENTIFIED,,,NONE,,,UNIDENTIFIED,INVARIANT over signal and outcome: handling time depends on role and response — confirm or split
INI1,AI1,ROLE1,*,*,Verify,t,,hours/event,UNIDENTIFIED,,,NONE,,,UNIDENTIFIED,INVARIANT over signal and outcome: handling time depends on role and response — confirm or split
INI1,AI1,ROLE1,*,*,Reject,t,,hours/event,UNIDENTIFIED,,,NONE,,,UNIDENTIFIED,INVARIANT over signal and outcome: handling time depends on role and response — confirm or split
INI1,AI1,ROLE2,*,*,Use,t,,hours/event,UNIDENTIFIED,,,NONE,,,UNIDENTIFIED,INVARIANT over signal and outcome: handling time depends on role and response — confirm or split
INI1,AI1,ROLE2,*,*,Verify,t,,hours/event,UNIDENTIFIED,,,NONE,,,UNIDENTIFIED,INVARIANT over signal and outcome: handling time depends on role and response — confirm or split
INI1,AI1,ROLE2,*,*,Reject,t,,hours/event,UNIDENTIFIED,,,NONE,,,UNIDENTIFIED,INVARIANT over signal and outcome: handling time depends on role and response — confirm or split
INI1,AI1,*,*,*,Use,t_rev,,hours/event,UNIDENTIFIED,,,NONE,,,UNIDENTIFIED,"INVARIANT over role, signal and outcome: review time depends on response — confirm or split"
INI1,AI1,*,*,*,Verify,t_rev,,hours/event,UNIDENTIFIED,,,NONE,,,UNIDENTIFIED,"INVARIANT over role, signal and outcome: review time depends on response — confirm or split"
INI1,AI1,*,*,*,Reject,t_rev,,hours/event,UNIDENTIFIED,,,NONE,,,UNIDENTIFIED,"INVARIANT over role, signal and outcome: review time depends on response — confirm or split"
INI2,SQ,*,*,W_OK,NA,v_u,,TWD/event,UNIDENTIFIED,,,NONE,,,UNIDENTIFIED,INVARIANT over role and signal: value/loss/incident depend on outcome and response only — confirm or split
INI2,SQ,*,*,W_OK,NA,v_x,,TWD/event,UNIDENTIFIED,,,NONE,,,UNIDENTIFIED,INVARIANT over role and signal: value/loss/incident depend on outcome and response only — confirm or split
INI2,SQ,*,*,W_OK,NA,l_u,,TWD/event,UNIDENTIFIED,,,NONE,,,UNIDENTIFIED,INVARIANT over role and signal: value/loss/incident depend on outcome and response only — confirm or split
INI2,SQ,*,*,W_OK,NA,l_x,,TWD/event,UNIDENTIFIED,,,NONE,,,UNIDENTIFIED,INVARIANT over role and signal: value/loss/incident depend on outcome and response only — confirm or split
INI2,SQ,*,*,W_OK,NA,I_sev,,probability,UNIDENTIFIED,,,NONE,,,UNIDENTIFIED,INVARIANT over role and signal: value/loss/incident depend on outcome and response only — confirm or split
INI2,SQ,*,*,W_ERR,NA,v_u,,TWD/event,UNIDENTIFIED,,,NONE,,,UNIDENTIFIED,INVARIANT over role and signal: value/loss/incident depend on outcome and response only — confirm or split
INI2,SQ,*,*,W_ERR,NA,v_x,,TWD/event,UNIDENTIFIED,,,NONE,,,UNIDENTIFIED,INVARIANT over role and signal: value/loss/incident depend on outcome and response only — confirm or split
INI2,SQ,*,*,W_ERR,NA,l_u,,TWD/event,UNIDENTIFIED,,,NONE,,,UNIDENTIFIED,INVARIANT over role and signal: value/loss/incident depend on outcome and response only — confirm or split
INI2,SQ,*,*,W_ERR,NA,l_x,,TWD/event,UNIDENTIFIED,,,NONE,,,UNIDENTIFIED,INVARIANT over role and signal: value/loss/incident depend on outcome and response only — confirm or split
INI2,SQ,*,*,W_ERR,NA,I_sev,,probability,UNIDENTIFIED,,,NONE,,,UNIDENTIFIED,INVARIANT over role and signal: value/loss/incident depend on outcome and response only — confirm or split
INI2,SQ,*,*,*,*,c_u,,TWD/event,UNIDENTIFIED,,,NONE,,,UNIDENTIFIED,"INVARIANT over role, signal, outcome, response: per-event operating cost of the configuration — confirm or split"
INI2,SQ,*,*,*,*,c_x,,TWD/event,UNIDENTIFIED,,,NONE,,,UNIDENTIFIED,"INVARIANT over role, signal, outcome, response: per-event operating cost of the configuration — confirm or split"
INI2,SQ,ROLE1,*,*,NA,t,,hours/event,UNIDENTIFIED,,,NONE,,,UNIDENTIFIED,INVARIANT over signal and outcome: handling time depends on role and response — confirm or split
INI2,SQ,ROLE2,*,*,NA,t,,hours/event,UNIDENTIFIED,,,NONE,,,UNIDENTIFIED,INVARIANT over signal and outcome: handling time depends on role and response — confirm or split
INI2,SQ,*,*,*,NA,t_rev,,hours/event,UNIDENTIFIED,,,NONE,,,UNIDENTIFIED,"INVARIANT over role, signal and outcome: review time depends on response — confirm or split"
INI2,AI1,*,*,W_OK,Use,v_u,,TWD/event,UNIDENTIFIED,,,NONE,,,UNIDENTIFIED,INVARIANT over role and signal: value/loss/incident depend on outcome and response only — confirm or split
INI2,AI1,*,*,W_OK,Use,v_x,,TWD/event,UNIDENTIFIED,,,NONE,,,UNIDENTIFIED,INVARIANT over role and signal: value/loss/incident depend on outcome and response only — confirm or split
INI2,AI1,*,*,W_OK,Use,l_u,,TWD/event,UNIDENTIFIED,,,NONE,,,UNIDENTIFIED,INVARIANT over role and signal: value/loss/incident depend on outcome and response only — confirm or split
INI2,AI1,*,*,W_OK,Use,l_x,,TWD/event,UNIDENTIFIED,,,NONE,,,UNIDENTIFIED,INVARIANT over role and signal: value/loss/incident depend on outcome and response only — confirm or split
INI2,AI1,*,*,W_OK,Use,I_sev,,probability,UNIDENTIFIED,,,NONE,,,UNIDENTIFIED,INVARIANT over role and signal: value/loss/incident depend on outcome and response only — confirm or split
INI2,AI1,*,*,W_OK,Verify,v_u,,TWD/event,UNIDENTIFIED,,,NONE,,,UNIDENTIFIED,INVARIANT over role and signal: value/loss/incident depend on outcome and response only — confirm or split
INI2,AI1,*,*,W_OK,Verify,v_x,,TWD/event,UNIDENTIFIED,,,NONE,,,UNIDENTIFIED,INVARIANT over role and signal: value/loss/incident depend on outcome and response only — confirm or split
INI2,AI1,*,*,W_OK,Verify,l_u,,TWD/event,UNIDENTIFIED,,,NONE,,,UNIDENTIFIED,INVARIANT over role and signal: value/loss/incident depend on outcome and response only — confirm or split
INI2,AI1,*,*,W_OK,Verify,l_x,,TWD/event,UNIDENTIFIED,,,NONE,,,UNIDENTIFIED,INVARIANT over role and signal: value/loss/incident depend on outcome and response only — confirm or split
INI2,AI1,*,*,W_OK,Verify,I_sev,,probability,UNIDENTIFIED,,,NONE,,,UNIDENTIFIED,INVARIANT over role and signal: value/loss/incident depend on outcome and response only — confirm or split
INI2,AI1,*,*,W_OK,Reject,v_u,,TWD/event,UNIDENTIFIED,,,NONE,,,UNIDENTIFIED,INVARIANT over role and signal: value/loss/incident depend on outcome and response only — confirm or split
INI2,AI1,*,*,W_OK,Reject,v_x,,TWD/event,UNIDENTIFIED,,,NONE,,,UNIDENTIFIED,INVARIANT over role and signal: value/loss/incident depend on outcome and response only — confirm or split
INI2,AI1,*,*,W_OK,Reject,l_u,,TWD/event,UNIDENTIFIED,,,NONE,,,UNIDENTIFIED,INVARIANT over role and signal: value/loss/incident depend on outcome and response only — confirm or split
INI2,AI1,*,*,W_OK,Reject,l_x,,TWD/event,UNIDENTIFIED,,,NONE,,,UNIDENTIFIED,INVARIANT over role and signal: value/loss/incident depend on outcome and response only — confirm or split
INI2,AI1,*,*,W_OK,Reject,I_sev,,probability,UNIDENTIFIED,,,NONE,,,UNIDENTIFIED,INVARIANT over role and signal: value/loss/incident depend on outcome and response only — confirm or split
INI2,AI1,*,*,W_ERR,Use,v_u,,TWD/event,UNIDENTIFIED,,,NONE,,,UNIDENTIFIED,INVARIANT over role and signal: value/loss/incident depend on outcome and response only — confirm or split
INI2,AI1,*,*,W_ERR,Use,v_x,,TWD/event,UNIDENTIFIED,,,NONE,,,UNIDENTIFIED,INVARIANT over role and signal: value/loss/incident depend on outcome and response only — confirm or split
INI2,AI1,*,*,W_ERR,Use,l_u,,TWD/event,UNIDENTIFIED,,,NONE,,,UNIDENTIFIED,INVARIANT over role and signal: value/loss/incident depend on outcome and response only — confirm or split
INI2,AI1,*,*,W_ERR,Use,l_x,,TWD/event,UNIDENTIFIED,,,NONE,,,UNIDENTIFIED,INVARIANT over role and signal: value/loss/incident depend on outcome and response only — confirm or split
INI2,AI1,*,*,W_ERR,Use,I_sev,,probability,UNIDENTIFIED,,,NONE,,,UNIDENTIFIED,INVARIANT over role and signal: value/loss/incident depend on outcome and response only — confirm or split
INI2,AI1,*,*,W_ERR,Verify,v_u,,TWD/event,UNIDENTIFIED,,,NONE,,,UNIDENTIFIED,INVARIANT over role and signal: value/loss/incident depend on outcome and response only — confirm or split
INI2,AI1,*,*,W_ERR,Verify,v_x,,TWD/event,UNIDENTIFIED,,,NONE,,,UNIDENTIFIED,INVARIANT over role and signal: value/loss/incident depend on outcome and response only — confirm or split
INI2,AI1,*,*,W_ERR,Verify,l_u,,TWD/event,UNIDENTIFIED,,,NONE,,,UNIDENTIFIED,INVARIANT over role and signal: value/loss/incident depend on outcome and response only — confirm or split
INI2,AI1,*,*,W_ERR,Verify,l_x,,TWD/event,UNIDENTIFIED,,,NONE,,,UNIDENTIFIED,INVARIANT over role and signal: value/loss/incident depend on outcome and response only — confirm or split
INI2,AI1,*,*,W_ERR,Verify,I_sev,,probability,UNIDENTIFIED,,,NONE,,,UNIDENTIFIED,INVARIANT over role and signal: value/loss/incident depend on outcome and response only — confirm or split
INI2,AI1,*,*,W_ERR,Reject,v_u,,TWD/event,UNIDENTIFIED,,,NONE,,,UNIDENTIFIED,INVARIANT over role and signal: value/loss/incident depend on outcome and response only — confirm or split
INI2,AI1,*,*,W_ERR,Reject,v_x,,TWD/event,UNIDENTIFIED,,,NONE,,,UNIDENTIFIED,INVARIANT over role and signal: value/loss/incident depend on outcome and response only — confirm or split
INI2,AI1,*,*,W_ERR,Reject,l_u,,TWD/event,UNIDENTIFIED,,,NONE,,,UNIDENTIFIED,INVARIANT over role and signal: value/loss/incident depend on outcome and response only — confirm or split
INI2,AI1,*,*,W_ERR,Reject,l_x,,TWD/event,UNIDENTIFIED,,,NONE,,,UNIDENTIFIED,INVARIANT over role and signal: value/loss/incident depend on outcome and response only — confirm or split
INI2,AI1,*,*,W_ERR,Reject,I_sev,,probability,UNIDENTIFIED,,,NONE,,,UNIDENTIFIED,INVARIANT over role and signal: value/loss/incident depend on outcome and response only — confirm or split
INI2,AI1,*,*,*,*,c_u,,TWD/event,UNIDENTIFIED,,,NONE,,,UNIDENTIFIED,"INVARIANT over role, signal, outcome, response: per-event operating cost of the configuration — confirm or split"
INI2,AI1,*,*,*,*,c_x,,TWD/event,UNIDENTIFIED,,,NONE,,,UNIDENTIFIED,"INVARIANT over role, signal, outcome, response: per-event operating cost of the configuration — confirm or split"
INI2,AI1,ROLE1,*,*,Use,t,,hours/event,UNIDENTIFIED,,,NONE,,,UNIDENTIFIED,INVARIANT over signal and outcome: handling time depends on role and response — confirm or split
INI2,AI1,ROLE1,*,*,Verify,t,,hours/event,UNIDENTIFIED,,,NONE,,,UNIDENTIFIED,INVARIANT over signal and outcome: handling time depends on role and response — confirm or split
INI2,AI1,ROLE1,*,*,Reject,t,,hours/event,UNIDENTIFIED,,,NONE,,,UNIDENTIFIED,INVARIANT over signal and outcome: handling time depends on role and response — confirm or split
INI2,AI1,ROLE2,*,*,Use,t,,hours/event,UNIDENTIFIED,,,NONE,,,UNIDENTIFIED,INVARIANT over signal and outcome: handling time depends on role and response — confirm or split
INI2,AI1,ROLE2,*,*,Verify,t,,hours/event,UNIDENTIFIED,,,NONE,,,UNIDENTIFIED,INVARIANT over signal and outcome: handling time depends on role and response — confirm or split
INI2,AI1,ROLE2,*,*,Reject,t,,hours/event,UNIDENTIFIED,,,NONE,,,UNIDENTIFIED,INVARIANT over signal and outcome: handling time depends on role and response — confirm or split
INI2,AI1,*,*,*,Use,t_rev,,hours/event,UNIDENTIFIED,,,NONE,,,UNIDENTIFIED,"INVARIANT over role, signal and outcome: review time depends on response — confirm or split"
INI2,AI1,*,*,*,Verify,t_rev,,hours/event,UNIDENTIFIED,,,NONE,,,UNIDENTIFIED,"INVARIANT over role, signal and outcome: review time depends on response — confirm or split"
INI2,AI1,*,*,*,Reject,t_rev,,hours/event,UNIDENTIFIED,,,NONE,,,UNIDENTIFIED,"INVARIANT over role, signal and outcome: review time depends on response — confirm or split"
INI3,SQ,*,*,W_OK,NA,v_u,,TWD/event,UNIDENTIFIED,,,NONE,,,UNIDENTIFIED,INVARIANT over role and signal: value/loss/incident depend on outcome and response only — confirm or split
INI3,SQ,*,*,W_OK,NA,v_x,,TWD/event,UNIDENTIFIED,,,NONE,,,UNIDENTIFIED,INVARIANT over role and signal: value/loss/incident depend on outcome and response only — confirm or split
INI3,SQ,*,*,W_OK,NA,l_u,,TWD/event,UNIDENTIFIED,,,NONE,,,UNIDENTIFIED,INVARIANT over role and signal: value/loss/incident depend on outcome and response only — confirm or split
INI3,SQ,*,*,W_OK,NA,l_x,,TWD/event,UNIDENTIFIED,,,NONE,,,UNIDENTIFIED,INVARIANT over role and signal: value/loss/incident depend on outcome and response only — confirm or split
INI3,SQ,*,*,W_OK,NA,I_sev,,probability,UNIDENTIFIED,,,NONE,,,UNIDENTIFIED,INVARIANT over role and signal: value/loss/incident depend on outcome and response only — confirm or split
INI3,SQ,*,*,W_ERR,NA,v_u,,TWD/event,UNIDENTIFIED,,,NONE,,,UNIDENTIFIED,INVARIANT over role and signal: value/loss/incident depend on outcome and response only — confirm or split
INI3,SQ,*,*,W_ERR,NA,v_x,,TWD/event,UNIDENTIFIED,,,NONE,,,UNIDENTIFIED,INVARIANT over role and signal: value/loss/incident depend on outcome and response only — confirm or split
INI3,SQ,*,*,W_ERR,NA,l_u,,TWD/event,UNIDENTIFIED,,,NONE,,,UNIDENTIFIED,INVARIANT over role and signal: value/loss/incident depend on outcome and response only — confirm or split
INI3,SQ,*,*,W_ERR,NA,l_x,,TWD/event,UNIDENTIFIED,,,NONE,,,UNIDENTIFIED,INVARIANT over role and signal: value/loss/incident depend on outcome and response only — confirm or split
INI3,SQ,*,*,W_ERR,NA,I_sev,,probability,UNIDENTIFIED,,,NONE,,,UNIDENTIFIED,INVARIANT over role and signal: value/loss/incident depend on outcome and response only — confirm or split
INI3,SQ,*,*,*,*,c_u,,TWD/event,UNIDENTIFIED,,,NONE,,,UNIDENTIFIED,"INVARIANT over role, signal, outcome, response: per-event operating cost of the configuration — confirm or split"
INI3,SQ,*,*,*,*,c_x,,TWD/event,UNIDENTIFIED,,,NONE,,,UNIDENTIFIED,"INVARIANT over role, signal, outcome, response: per-event operating cost of the configuration — confirm or split"
INI3,SQ,ROLE1,*,*,NA,t,,hours/event,UNIDENTIFIED,,,NONE,,,UNIDENTIFIED,INVARIANT over signal and outcome: handling time depends on role and response — confirm or split
INI3,SQ,ROLE2,*,*,NA,t,,hours/event,UNIDENTIFIED,,,NONE,,,UNIDENTIFIED,INVARIANT over signal and outcome: handling time depends on role and response — confirm or split
INI3,SQ,*,*,*,NA,t_rev,,hours/event,UNIDENTIFIED,,,NONE,,,UNIDENTIFIED,"INVARIANT over role, signal and outcome: review time depends on response — confirm or split"
INI3,AI1,*,*,W_OK,Use,v_u,,TWD/event,UNIDENTIFIED,,,NONE,,,UNIDENTIFIED,INVARIANT over role and signal: value/loss/incident depend on outcome and response only — confirm or split
INI3,AI1,*,*,W_OK,Use,v_x,,TWD/event,UNIDENTIFIED,,,NONE,,,UNIDENTIFIED,INVARIANT over role and signal: value/loss/incident depend on outcome and response only — confirm or split
INI3,AI1,*,*,W_OK,Use,l_u,,TWD/event,UNIDENTIFIED,,,NONE,,,UNIDENTIFIED,INVARIANT over role and signal: value/loss/incident depend on outcome and response only — confirm or split
INI3,AI1,*,*,W_OK,Use,l_x,,TWD/event,UNIDENTIFIED,,,NONE,,,UNIDENTIFIED,INVARIANT over role and signal: value/loss/incident depend on outcome and response only — confirm or split
INI3,AI1,*,*,W_OK,Use,I_sev,,probability,UNIDENTIFIED,,,NONE,,,UNIDENTIFIED,INVARIANT over role and signal: value/loss/incident depend on outcome and response only — confirm or split
INI3,AI1,*,*,W_OK,Verify,v_u,,TWD/event,UNIDENTIFIED,,,NONE,,,UNIDENTIFIED,INVARIANT over role and signal: value/loss/incident depend on outcome and response only — confirm or split
INI3,AI1,*,*,W_OK,Verify,v_x,,TWD/event,UNIDENTIFIED,,,NONE,,,UNIDENTIFIED,INVARIANT over role and signal: value/loss/incident depend on outcome and response only — confirm or split
INI3,AI1,*,*,W_OK,Verify,l_u,,TWD/event,UNIDENTIFIED,,,NONE,,,UNIDENTIFIED,INVARIANT over role and signal: value/loss/incident depend on outcome and response only — confirm or split
INI3,AI1,*,*,W_OK,Verify,l_x,,TWD/event,UNIDENTIFIED,,,NONE,,,UNIDENTIFIED,INVARIANT over role and signal: value/loss/incident depend on outcome and response only — confirm or split
INI3,AI1,*,*,W_OK,Verify,I_sev,,probability,UNIDENTIFIED,,,NONE,,,UNIDENTIFIED,INVARIANT over role and signal: value/loss/incident depend on outcome and response only — confirm or split
INI3,AI1,*,*,W_OK,Reject,v_u,,TWD/event,UNIDENTIFIED,,,NONE,,,UNIDENTIFIED,INVARIANT over role and signal: value/loss/incident depend on outcome and response only — confirm or split
INI3,AI1,*,*,W_OK,Reject,v_x,,TWD/event,UNIDENTIFIED,,,NONE,,,UNIDENTIFIED,INVARIANT over role and signal: value/loss/incident depend on outcome and response only — confirm or split
INI3,AI1,*,*,W_OK,Reject,l_u,,TWD/event,UNIDENTIFIED,,,NONE,,,UNIDENTIFIED,INVARIANT over role and signal: value/loss/incident depend on outcome and response only — confirm or split
INI3,AI1,*,*,W_OK,Reject,l_x,,TWD/event,UNIDENTIFIED,,,NONE,,,UNIDENTIFIED,INVARIANT over role and signal: value/loss/incident depend on outcome and response only — confirm or split
INI3,AI1,*,*,W_OK,Reject,I_sev,,probability,UNIDENTIFIED,,,NONE,,,UNIDENTIFIED,INVARIANT over role and signal: value/loss/incident depend on outcome and response only — confirm or split
INI3,AI1,*,*,W_ERR,Use,v_u,,TWD/event,UNIDENTIFIED,,,NONE,,,UNIDENTIFIED,INVARIANT over role and signal: value/loss/incident depend on outcome and response only — confirm or split
INI3,AI1,*,*,W_ERR,Use,v_x,,TWD/event,UNIDENTIFIED,,,NONE,,,UNIDENTIFIED,INVARIANT over role and signal: value/loss/incident depend on outcome and response only — confirm or split
INI3,AI1,*,*,W_ERR,Use,l_u,,TWD/event,UNIDENTIFIED,,,NONE,,,UNIDENTIFIED,INVARIANT over role and signal: value/loss/incident depend on outcome and response only — confirm or split
INI3,AI1,*,*,W_ERR,Use,l_x,,TWD/event,UNIDENTIFIED,,,NONE,,,UNIDENTIFIED,INVARIANT over role and signal: value/loss/incident depend on outcome and response only — confirm or split
INI3,AI1,*,*,W_ERR,Use,I_sev,,probability,UNIDENTIFIED,,,NONE,,,UNIDENTIFIED,INVARIANT over role and signal: value/loss/incident depend on outcome and response only — confirm or split
INI3,AI1,*,*,W_ERR,Verify,v_u,,TWD/event,UNIDENTIFIED,,,NONE,,,UNIDENTIFIED,INVARIANT over role and signal: value/loss/incident depend on outcome and response only — confirm or split
INI3,AI1,*,*,W_ERR,Verify,v_x,,TWD/event,UNIDENTIFIED,,,NONE,,,UNIDENTIFIED,INVARIANT over role and signal: value/loss/incident depend on outcome and response only — confirm or split
INI3,AI1,*,*,W_ERR,Verify,l_u,,TWD/event,UNIDENTIFIED,,,NONE,,,UNIDENTIFIED,INVARIANT over role and signal: value/loss/incident depend on outcome and response only — confirm or split
INI3,AI1,*,*,W_ERR,Verify,l_x,,TWD/event,UNIDENTIFIED,,,NONE,,,UNIDENTIFIED,INVARIANT over role and signal: value/loss/incident depend on outcome and response only — confirm or split
INI3,AI1,*,*,W_ERR,Verify,I_sev,,probability,UNIDENTIFIED,,,NONE,,,UNIDENTIFIED,INVARIANT over role and signal: value/loss/incident depend on outcome and response only — confirm or split
INI3,AI1,*,*,W_ERR,Reject,v_u,,TWD/event,UNIDENTIFIED,,,NONE,,,UNIDENTIFIED,INVARIANT over role and signal: value/loss/incident depend on outcome and response only — confirm or split
INI3,AI1,*,*,W_ERR,Reject,v_x,,TWD/event,UNIDENTIFIED,,,NONE,,,UNIDENTIFIED,INVARIANT over role and signal: value/loss/incident depend on outcome and response only — confirm or split
INI3,AI1,*,*,W_ERR,Reject,l_u,,TWD/event,UNIDENTIFIED,,,NONE,,,UNIDENTIFIED,INVARIANT over role and signal: value/loss/incident depend on outcome and response only — confirm or split
INI3,AI1,*,*,W_ERR,Reject,l_x,,TWD/event,UNIDENTIFIED,,,NONE,,,UNIDENTIFIED,INVARIANT over role and signal: value/loss/incident depend on outcome and response only — confirm or split
INI3,AI1,*,*,W_ERR,Reject,I_sev,,probability,UNIDENTIFIED,,,NONE,,,UNIDENTIFIED,INVARIANT over role and signal: value/loss/incident depend on outcome and response only — confirm or split
INI3,AI1,*,*,*,*,c_u,,TWD/event,UNIDENTIFIED,,,NONE,,,UNIDENTIFIED,"INVARIANT over role, signal, outcome, response: per-event operating cost of the configuration — confirm or split"
INI3,AI1,*,*,*,*,c_x,,TWD/event,UNIDENTIFIED,,,NONE,,,UNIDENTIFIED,"INVARIANT over role, signal, outcome, response: per-event operating cost of the configuration — confirm or split"
INI3,AI1,ROLE1,*,*,Use,t,,hours/event,UNIDENTIFIED,,,NONE,,,UNIDENTIFIED,INVARIANT over signal and outcome: handling time depends on role and response — confirm or split
INI3,AI1,ROLE1,*,*,Verify,t,,hours/event,UNIDENTIFIED,,,NONE,,,UNIDENTIFIED,INVARIANT over signal and outcome: handling time depends on role and response — confirm or split
INI3,AI1,ROLE1,*,*,Reject,t,,hours/event,UNIDENTIFIED,,,NONE,,,UNIDENTIFIED,INVARIANT over signal and outcome: handling time depends on role and response — confirm or split
INI3,AI1,ROLE2,*,*,Use,t,,hours/event,UNIDENTIFIED,,,NONE,,,UNIDENTIFIED,INVARIANT over signal and outcome: handling time depends on role and response — confirm or split
INI3,AI1,ROLE2,*,*,Verify,t,,hours/event,UNIDENTIFIED,,,NONE,,,UNIDENTIFIED,INVARIANT over signal and outcome: handling time depends on role and response — confirm or split
INI3,AI1,ROLE2,*,*,Reject,t,,hours/event,UNIDENTIFIED,,,NONE,,,UNIDENTIFIED,INVARIANT over signal and outcome: handling time depends on role and response — confirm or split
INI3,AI1,*,*,*,Use,t_rev,,hours/event,UNIDENTIFIED,,,NONE,,,UNIDENTIFIED,"INVARIANT over role, signal and outcome: review time depends on response — confirm or split"
INI3,AI1,*,*,*,Verify,t_rev,,hours/event,UNIDENTIFIED,,,NONE,,,UNIDENTIFIED,"INVARIANT over role, signal and outcome: review time depends on response — confirm or split"
INI3,AI1,*,*,*,Reject,t_rev,,hours/event,UNIDENTIFIED,,,NONE,,,UNIDENTIFIED,"INVARIANT over role, signal and outcome: review time depends on response — confirm or split"
