initiative_id,capability_state,parameter,value,unit,provenance_type,source_id,period,uncertainty,lower,upper,identification_status,assumption_note
INI1,NONE,R_level,,ordinal_level,UNIDENTIFIED,,,NONE,,,UNIDENTIFIED,
INI1,NONE,D_level,,ordinal_level,UNIDENTIFIED,,,NONE,,,UNIDENTIFIED,
INI1,CAP1:S,R_level,,ordinal_level,UNIDENTIFIED,,,NONE,,,UNIDENTIFIED,
INI1,CAP1:S,D_level,,ordinal_level,UNIDENTIFIED,,,NONE,,,UNIDENTIFIED,
INI2,NONE,R_level,,ordinal_level,UNIDENTIFIED,,,NONE,,,UNIDENTIFIED,
INI2,NONE,D_level,,ordinal_level,UNIDENTIFIED,,,NONE,,,UNIDENTIFIED,
INI2,CAP1:S,R_level,,ordinal_level,UNIDENTIFIED,,,NONE,,,UNIDENTIFIED,
INI2,CAP1:S,D_level,,ordinal_level,UNIDENTIFIED,,,NONE,,,UNIDENTIFIED,
INI3,NONE,R_level,,ordinal_level,UNIDENTIFIED,,,NONE,,,UNIDENTIFIED,
INI3,NONE,D_level,,ordinal_level,UNIDENTIFIED,,,NONE,,,UNIDENTIFIED,
INI3,CAP1:S,R_level,,ordinal_level,UNIDENTIFIED,,,NONE,,,UNIDENTIFIED,
INI3,CAP1:S,D_level,,ordinal_level,UNIDENTIFIED,,,NONE,,,UNIDENTIFIED,
INI3,CAP1:L,R_level,,ordinal_level,UNIDENTIFIED,,,NONE,,,UNIDENTIFIED,
INI3,CAP1:L,D_level,,ordinal_level,UNIDENTIFIED,,,NONE,,,UNIDENTIFIED,
