initiative_id,config_id,parameter,value,unit,provenance_type,source_id,period,uncertainty,lower,upper,identification_status,assumption_note
INI1,SQ,is_status_quo,,binary,UNIDENTIFIED,,,NONE,,,UNIDENTIFIED,
INI1,SQ,A,,ordinal_level,UNIDENTIFIED,,,NONE,,,UNIDENTIFIED,
INI1,SQ,H,,ordinal_level,UNIDENTIFIED,,,NONE,,,UNIDENTIFIED,
INI1,SQ,WI,,ordinal_level,UNIDENTIFIED,,,NONE,,,UNIDENTIFIED,
INI1,SQ,EA,,ordinal_level,UNIDENTIFIED,,,NONE,,,UNIDENTIFIED,
INI1,SQ,EAX,,ordinal_level,UNIDENTIFIED,,,NONE,,,UNIDENTIFIED,
INI1,SQ,m,,nominal,UNIDENTIFIED,,,NONE,,,UNIDENTIFIED,
INI1,SQ,prerequisites,,list,UNIDENTIFIED,,,NONE,,,UNIDENTIFIED,
INI1,SQ,legal,,binary,UNIDENTIFIED,,,NONE,,,UNIDENTIFIED,
INI1,SQ,eff_H,,binary,UNIDENTIFIED,,,NONE,,,UNIDENTIFIED,
INI1,SQ,fallback,,binary,UNIDENTIFIED,,,NONE,,,UNIDENTIFIED,
INI1,SQ,cons,,binary,UNIDENTIFIED,,,NONE,,,UNIDENTIFIED,
INI1,SQ,allowed_responses,,list,UNIDENTIFIED,,,NONE,,,UNIDENTIFIED,
INI1,SQ,impl_x,,TWD/period,UNIDENTIFIED,,,NONE,,,UNIDENTIFIED,
INI1,AI1,is_status_quo,,binary,UNIDENTIFIED,,,NONE,,,UNIDENTIFIED,
INI1,AI1,A,,ordinal_level,UNIDENTIFIED,,,NONE,,,UNIDENTIFIED,
INI1,AI1,H,,ordinal_level,UNIDENTIFIED,,,NONE,,,UNIDENTIFIED,
INI1,AI1,WI,,ordinal_level,UNIDENTIFIED,,,NONE,,,UNIDENTIFIED,
INI1,AI1,EA,,ordinal_level,UNIDENTIFIED,,,NONE,,,UNIDENTIFIED,
INI1,AI1,EAX,,ordinal_level,UNIDENTIFIED,,,NONE,,,UNIDENTIFIED,
INI1,AI1,m,,nominal,UNIDENTIFIED,,,NONE,,,UNIDENTIFIED,
INI1,AI1,prerequisites,,list,UNIDENTIFIED,,,NONE,,,UNIDENTIFIED,
INI1,AI1,legal,,binary,UNIDENTIFIED,,,NONE,,,UNIDENTIFIED,
INI1,AI1,eff_H,,binary,UNIDENTIFIED,,,NONE,,,UNIDENTIFIED,
INI1,AI1,fallback,,binary,UNIDENTIFIED,,,NONE,,,UNIDENTIFIED,
INI1,AI1,cons,,binary,UNIDENTIFIED,,,NONE,,,UNIDENTIFIED,
INI1,AI1,allowed_responses,,list,UNIDENTIFIED,,,NONE,,,UNIDENTIFIED,
INI1,AI1,impl_x,,TWD/period,UNIDENTIFIED,,,NONE,,,UNIDENTIFIED,
INI2,SQ,is_status_quo,,binary,UNIDENTIFIED,,,NONE,,,UNIDENTIFIED,
INI2,SQ,A,,ordinal_level,UNIDENTIFIED,,,NONE,,,UNIDENTIFIED,
INI2,SQ,H,,ordinal_level,UNIDENTIFIED,,,NONE,,,UNIDENTIFIED,
INI2,SQ,WI,,ordinal_level,UNIDENTIFIED,,,NONE,,,UNIDENTIFIED,
INI2,SQ,EA,,ordinal_level,UNIDENTIFIED,,,NONE,,,UNIDENTIFIED,
INI2,SQ,EAX,,ordinal_level,UNIDENTIFIED,,,NONE,,,UNIDENTIFIED,
INI2,SQ,m,,nominal,UNIDENTIFIED,,,NONE,,,UNIDENTIFIED,
INI2,SQ,prerequisites,,list,UNIDENTIFIED,,,NONE,,,UNIDENTIFIED,
INI2,SQ,legal,,binary,UNIDENTIFIED,,,NONE,,,UNIDENTIFIED,
INI2,SQ,eff_H,,binary,UNIDENTIFIED,,,NONE,,,UNIDENTIFIED,
INI2,SQ,fallback,,binary,UNIDENTIFIED,,,NONE,,,UNIDENTIFIED,
INI2,SQ,cons,,binary,UNIDENTIFIED,,,NONE,,,UNIDENTIFIED,
INI2,SQ,allowed_responses,,list,UNIDENTIFIED,,,NONE,,,UNIDENTIFIED,
INI2,SQ,impl_x,,TWD/period,UNIDENTIFIED,,,NONE,,,UNIDENTIFIED,
INI2,AI1,is_status_quo,,binary,UNIDENTIFIED,,,NONE,,,UNIDENTIFIED,
INI2,AI1,A,,ordinal_level,UNIDENTIFIED,,,NONE,,,UNIDENTIFIED,
INI2,AI1,H,,ordinal_level,UNIDENTIFIED,,,NONE,,,UNIDENTIFIED,
INI2,AI1,WI,,ordinal_level,UNIDENTIFIED,,,NONE,,,UNIDENTIFIED,
INI2,AI1,EA,,ordinal_level,UNIDENTIFIED,,,NONE,,,UNIDENTIFIED,
INI2,AI1,EAX,,ordinal_level,UNIDENTIFIED,,,NONE,,,UNIDENTIFIED,
INI2,AI1,m,,nominal,UNIDENTIFIED,,,NONE,,,UNIDENTIFIED,
INI2,AI1,prerequisites,,list,UNIDENTIFIED,,,NONE,,,UNIDENTIFIED,
INI2,AI1,legal,,binary,UNIDENTIFIED,,,NONE,,,UNIDENTIFIED,
INI2,AI1,eff_H,,binary,UNIDENTIFIED,,,NONE,,,UNIDENTIFIED,
INI2,AI1,fallback,,binary,UNIDENTIFIED,,,NONE,,,UNIDENTIFIED,
INI2,AI1,cons,,binary,UNIDENTIFIED,,,NONE,,,UNIDENTIFIED,
INI2,AI1,allowed_responses,,list,UNIDENTIFIED,,,NONE,,,UNIDENTIFIED,
INI2,AI1,impl_x,,TWD/period,UNIDENTIFIED,,,NONE,,,UNIDENTIFIED,
INI3,SQ,is_status_quo,,binary,UNIDENTIFIED,,,NONE,,,UNIDENTIFIED,
INI3,SQ,A,,ordinal_level,UNIDENTIFIED,,,NONE,,,UNIDENTIFIED,
INI3,SQ,H,,ordinal_level,UNIDENTIFIED,,,NONE,,,UNIDENTIFIED,
INI3,SQ,WI,,ordinal_level,UNIDENTIFIED,,,NONE,,,UNIDENTIFIED,
INI3,SQ,EA,,ordinal_level,UNIDENTIFIED,,,NONE,,,UNIDENTIFIED,
INI3,SQ,EAX,,ordinal_level,UNIDENTIFIED,,,NONE,,,UNIDENTIFIED,
INI3,SQ,m,,nominal,UNIDENTIFIED,,,NONE,,,UNIDENTIFIED,
INI3,SQ,prerequisites,,list,UNIDENTIFIED,,,NONE,,,UNIDENTIFIED,
INI3,SQ,legal,,binary,UNIDENTIFIED,,,NONE,,,UNIDENTIFIED,
INI3,SQ,eff_H,,binary,UNIDENTIFIED,,,NONE,,,UNIDENTIFIED,
INI3,SQ,fallback,,binary,UNIDENTIFIED,,,NONE,,,UNIDENTIFIED,
INI3,SQ,cons,,binary,UNIDENTIFIED,,,NONE,,,UNIDENTIFIED,
INI3,SQ,allowed_responses,,list,UNIDENTIFIED,,,NONE,,,UNIDENTIFIED,
INI3,SQ,impl_x,,TWD/period,UNIDENTIFIED,,,NONE,,,UNIDENTIFIED,
INI3,AI1,is_status_quo,,binary,UNIDENTIFIED,,,NONE,,,UNIDENTIFIED,
INI3,AI1,A,,ordinal_level,UNIDENTIFIED,,,NONE,,,UNIDENTIFIED,
INI3,AI1,H,,ordinal_level,UNIDENTIFIED,,,NONE,,,UNIDENTIFIED,
INI3,AI1,WI,,ordinal_level,UNIDENTIFIED,,,NONE,,,UNIDENTIFIED,
INI3,AI1,EA,,ordinal_level,UNIDENTIFIED,,,NONE,,,UNIDENTIFIED,
INI3,AI1,EAX,,ordinal_level,UNIDENTIFIED,,,NONE,,,UNIDENTIFIED,
INI3,AI1,m,,nominal,UNIDENTIFIED,,,NONE,,,UNIDENTIFIED,
INI3,AI1,prerequisites,,list,UNIDENTIFIED,,,NONE,,,UNIDENTIFIED,
INI3,AI1,legal,,binary,UNIDENTIFIED,,,NONE,,,UNIDENTIFIED,
INI3,AI1,eff_H,,binary,UNIDENTIFIED,,,NONE,,,UNIDENTIFIED,
INI3,AI1,fallback,,binary,UNIDENTIFIED,,,NONE,,,UNIDENTIFIED,
INI3,AI1,cons,,binary,UNIDENTIFIED,,,NONE,,,UNIDENTIFIED,
INI3,AI1,allowed_responses,,list,UNIDENTIFIED,,,NONE,,,UNIDENTIFIED,
INI3,AI1,impl_x,,TWD/period,UNIDENTIFIED,,,NONE,,,UNIDENTIFIED,
