case_id,ai_family,ai_family_definition,decision_family,decision_family_definition,neutral_pair_description,network_evidence
C01,Evaluation and Audit,"AI functions that assess, check, validate, audit or inspect the quality, performance, correctness, compliance, consistency or reliability of data, models, outputs or processes.",Allocation and Planning,"Decision functions that allocate resources or plan future actions, schedules, capacity, budgets, routes, staffing, inventory, production, portfolios or other operating resources.",Published research that directly links AI functions of the type 'Evaluation and Audit' to decision functions of the type 'Allocation and Planning'.,"Robust depletion: underrepresented relative to the null structure under all four pre-specified tests (not an absence of literature, not evidence of impossibility or unimportance)."
C02,Human Augmentation,"AI functions whose main role is to assist, enhance, support or extend human judgment, cognition, expertise or work, rather than independently replacing the human decision role.",Prediction and Diagnosis,"Decision functions that use prediction, diagnosis, prognosis, state classification or state estimation to determine current or future decision-relevant conditions.",Published research that directly links AI functions of the type 'Human Augmentation' to decision functions of the type 'Prediction and Diagnosis'.,"Robust depletion: underrepresented relative to the null structure under all four pre-specified tests (not an absence of literature, not evidence of impossibility or unimportance)."
C03,Generation and Synthesis,"AI functions that create, compose, synthesize, summarize, transform or generate new information, text, visuals, representations or structured content.",Prediction and Diagnosis,"Decision functions that use prediction, diagnosis, prognosis, state classification or state estimation to determine current or future decision-relevant conditions.",Published research that directly links AI functions of the type 'Generation and Synthesis' to decision functions of the type 'Prediction and Diagnosis'.,"Robust depletion: underrepresented relative to the null structure under all four pre-specified tests (not an absence of literature, not evidence of impossibility or unimportance)."
C04,Prediction and Risk Estimation,"AI functions that estimate future states, outcomes, probabilities, uncertainty, hazards, failures, or quantified risk.",Human Review and Accountability,"Decision functions requiring explicit human review, approval, escalation, assignment of responsibility, traceability, appeal, sign-off or accountability.",Published research that directly links AI functions of the type 'Prediction and Risk Estimation' to decision functions of the type 'Human Review and Accountability'.,"Robust depletion: underrepresented relative to the null structure under all four pre-specified tests (not an absence of literature, not evidence of impossibility or unimportance)."
C05,Prediction and Risk Estimation,"AI functions that estimate future states, outcomes, probabilities, uncertainty, hazards, failures, or quantified risk.",Information Acquisition,"Decision functions that collect, obtain, retrieve, gather, search for or request the information needed before or during a decision.",Published research that directly links AI functions of the type 'Prediction and Risk Estimation' to decision functions of the type 'Information Acquisition'.,"Robust depletion: underrepresented relative to the null structure under all four pre-specified tests (not an absence of literature, not evidence of impossibility or unimportance)."
C06,Explanation and Assurance,"AI functions that make model outputs, reasoning, uncertainty, confidence, provenance, reliability or behaviour understandable, traceable, verifiable or assessable by humans or downstream systems.",Evaluation and Selection,"Decision functions that evaluate, compare, rank, prioritize, screen or select among options.",Published research that directly links AI functions of the type 'Explanation and Assurance' to decision functions of the type 'Evaluation and Selection'.,"Robust depletion: underrepresented relative to the null structure under all four pre-specified tests (not an absence of literature, not evidence of impossibility or unimportance)."
C07,Explanation and Assurance,"AI functions that make model outputs, reasoning, uncertainty, confidence, provenance, reliability or behaviour understandable, traceable, verifiable or assessable by humans or downstream systems.",Allocation and Planning,"Decision functions that allocate resources or plan future actions, schedules, capacity, budgets, routes, staffing, inventory, production, portfolios or other operating resources.",Published research that directly links AI functions of the type 'Explanation and Assurance' to decision functions of the type 'Allocation and Planning'.,"Robust depletion: underrepresented relative to the null structure under all four pre-specified tests (not an absence of literature, not evidence of impossibility or unimportance)."
C08,Prediction and Risk Estimation,"AI functions that estimate future states, outcomes, probabilities, uncertainty, hazards, failures, or quantified risk.",General Decision Process,"Decision functions that explicitly concern the overall decision process, decision-support process or decision workflow and cannot be assigned to a more specific decision function (residual category).",Published research that directly links AI functions of the type 'Prediction and Risk Estimation' to decision functions of the type 'General Decision Process'.,"Robust depletion: underrepresented relative to the null structure under all four pre-specified tests (not an absence of literature, not evidence of impossibility or unimportance)."
C09,Evaluation and Audit,"AI functions that assess, check, validate, audit or inspect the quality, performance, correctness, compliance, consistency or reliability of data, models, outputs or processes.",Prediction and Diagnosis,"Decision functions that use prediction, diagnosis, prognosis, state classification or state estimation to determine current or future decision-relevant conditions.",Published research that directly links AI functions of the type 'Evaluation and Audit' to decision functions of the type 'Prediction and Diagnosis'.,"Robust depletion: underrepresented relative to the null structure under all four pre-specified tests (not an absence of literature, not evidence of impossibility or unimportance)."
C10,Human Augmentation,"AI functions whose main role is to assist, enhance, support or extend human judgment, cognition, expertise or work, rather than independently replacing the human decision role.",Evaluation and Selection,"Decision functions that evaluate, compare, rank, prioritize, screen or select among options.",Published research that directly links AI functions of the type 'Human Augmentation' to decision functions of the type 'Evaluation and Selection'.,"Robust depletion: underrepresented relative to the null structure under all four pre-specified tests (not an absence of literature, not evidence of impossibility or unimportance)."
C11,Prediction and Risk Estimation,"AI functions that estimate future states, outcomes, probabilities, uncertainty, hazards, failures, or quantified risk.",Evaluation and Selection,"Decision functions that evaluate, compare, rank, prioritize, screen or select among options.",Published research that directly links AI functions of the type 'Prediction and Risk Estimation' to decision functions of the type 'Evaluation and Selection'.,"Robust depletion: underrepresented relative to the null structure under all four pre-specified tests (not an absence of literature, not evidence of impossibility or unimportance)."
C12,Coordination and Execution,"AI functions that coordinate agents, tools, processes, workflows, tasks or actions, or execute actions in an operating environment.",Risk Assessment,"Decision functions that evaluate, score, compare, prioritize or characterize risks, hazards, vulnerability, exposure, uncertainty or safety risk.",Published research that directly links AI functions of the type 'Coordination and Execution' to decision functions of the type 'Risk Assessment'.,"Robust depletion: underrepresented relative to the null structure under all four pre-specified tests (not an absence of literature, not evidence of impossibility or unimportance)."
C13,Prediction and Risk Estimation,"AI functions that estimate future states, outcomes, probabilities, uncertainty, hazards, failures, or quantified risk.",Governance and Oversight,"Decision functions that establish, monitor, enforce or review policies, authority, controls, governance mechanisms, compliance requirements or organizational oversight.",Published research that directly links AI functions of the type 'Prediction and Risk Estimation' to decision functions of the type 'Governance and Oversight'.,"Robust depletion: underrepresented relative to the null structure under all four pre-specified tests (not an absence of literature, not evidence of impossibility or unimportance)."
C14,Recommendation and Optimization,"AI functions that recommend, rank, prescribe, search or optimize preferred options, actions, configurations, solutions or resource use.",Human Review and Accountability,"Decision functions requiring explicit human review, approval, escalation, assignment of responsibility, traceability, appeal, sign-off or accountability.",Published research that directly links AI functions of the type 'Recommendation and Optimization' to decision functions of the type 'Human Review and Accountability'.,"Robust depletion: underrepresented relative to the null structure under all four pre-specified tests (not an absence of literature, not evidence of impossibility or unimportance)."
C15,Explanation and Assurance,"AI functions that make model outputs, reasoning, uncertainty, confidence, provenance, reliability or behaviour understandable, traceable, verifiable or assessable by humans or downstream systems.",Prediction and Diagnosis,"Decision functions that use prediction, diagnosis, prognosis, state classification or state estimation to determine current or future decision-relevant conditions.",Published research that directly links AI functions of the type 'Explanation and Assurance' to decision functions of the type 'Prediction and Diagnosis'.,"Robust depletion: underrepresented relative to the null structure under all four pre-specified tests (not an absence of literature, not evidence of impossibility or unimportance)."
C16,Coordination and Execution,"AI functions that coordinate agents, tools, processes, workflows, tasks or actions, or execute actions in an operating environment.",Human Review and Accountability,"Decision functions requiring explicit human review, approval, escalation, assignment of responsibility, traceability, appeal, sign-off or accountability.",Published research that directly links AI functions of the type 'Coordination and Execution' to decision functions of the type 'Human Review and Accountability'.,"Robust depletion: underrepresented relative to the null structure under all four pre-specified tests (not an absence of literature, not evidence of impossibility or unimportance)."
