case_id,primary_code,secondary_code,status,confidence,rationale,enterprise_decision_interface,new_construct_required,new_construct_reason
C01,M4,M5,static,55,"The connection mainly depends on whether AI audit or validation findings count as evidence that a plan's inputs, models or processes are fit to drive resource allocation. Translating audit results into later reallocation would also involve a learning loop across periods, so M5 is a bridge.",which audit or validation findings a resource plan must pass before it is committed,no,
C02,M3,,static,80,"Human-augmentation AI feeding diagnosis or prediction is mainly about how diagnostic work is divided and sequenced between people and AI. It also concerns how people respond to AI input (verify, modify, override).",how diagnostic or predictive work is divided between staff and AI assistance,no,
C03,M4,M3,static,60,"Generated or synthesized content used for prediction or diagnosis mainly needs evidence that the generated output is accurate and fit for the decision. How users check or reject generated content is a secondary concern.",what validation generated content must pass before it informs a diagnostic or predictive judgment,no,
C04,M1,M3,static,70,"When risk estimates feed decisions that need explicit human review, the main question is who must review, approve or escalate risk-based outputs and who is accountable. The sequence of human review and override is secondary.",who must sign off on or escalate risk-estimate outputs before they are acted on,no,
C05,M5,,dynamic,65,"Using risk or uncertainty estimates to decide what information to gather is an information-acquisition policy. That policy is updated as outcomes are observed over time, which requires data across periods.",how estimated uncertainty or risk changes later information-gathering effort,no,
C06,M4,M3,static,65,"Explanations attached to ranking or screening outputs mainly raise questions of explanation usability and evidence that the ranking is fit for selection. How evaluators use explanations to verify or override rankings is secondary.",what explanation or assurance evidence must accompany AI rankings used in selection decisions,no,
C07,M4,M1,static,55,"Explanations of allocation or planning outputs mainly serve auditability and assurance that a plan is justified. Accountability for approving budget or resource allocations is a secondary mechanism.",what traceable justification an AI-generated allocation plan must provide before approval,no,
C08,M2,,static,60,"Predictions feeding a general decision process mainly raise the question of how the prediction output enters the decision workflow and its handoffs. No more specific decision function is defined.",at which workflow step and through which handoff predictions enter the decision process,no,
C09,M4,,static,80,"AI that audits or validates data, models or outputs used for prediction and diagnosis is directly a question of validation, monitoring and evidence that the predictive output is fit for the decision.",what validation and monitoring a predictive or diagnostic model must pass before and during use,no,
C10,M3,,static,80,"Human-augmentation AI supporting ranking, screening or selection is mainly about the division of work: who proposes candidates, who decides, and how users verify or override AI support.",how screening and selection work is divided between evaluators and AI assistance,no,
C11,M3,M1,static,50,"When predicted outcomes or risk scores feed ranking and selection, the main question is how people use the scores to propose, decide or override. Whether the scores may select options automatically is a secondary authority question.",whether predicted scores rank options for human choice or select options directly,no,
C12,M2,M1,static,55,"When AI coordinates or executes actions alongside risk assessment, the main question is how risk results gate, route, halt or roll back executed actions. The policy boundaries on what may run autonomously are secondary.",how risk assessment results gate or roll back AI-executed actions,no,
C13,M1,,static,65,"Risk estimates feeding governance and oversight mainly concern how predicted risk is allowed to set or trigger policy, control and oversight decisions, and who holds that authority.",who may set or change controls based on AI risk predictions,no,
C14,M1,M3,static,75,"Recommendations or optimized solutions that need explicit human review mainly raise questions of approval rights and accountability for acting on them. How reviewers accept, modify or reject recommendations is secondary.",who signs off before an AI recommendation is executed,no,
C15,M4,,static,75,"Explanation and assurance functions attached to predictive or diagnostic outputs mainly concern explanation usability, traceability and evidence that the diagnostic output is fit for use.",what explanation and traceability a diagnostic or predictive output must provide to be accepted,no,
C16,M1,M2,static,70,"AI that coordinates or executes actions under explicit human review mainly raises questions of authority to act, approval and accountability for executed actions. Escalation handoffs and rollback are a secondary workflow mechanism.",which AI-executed actions require human approval or escalation and who is accountable,no,
